ADP, ARS
ADP, ATS
ADP, AUD
ADP, BEF
ADP, BMD
ADP, BRL
ADP, BWP
ADP, CAD
ADP, CHF
ADP, CLP
ADP, CNY
ADP, COP
ADP, CRC
ADP, CYP
ADP, CZK
ADP, DEM
ADP, DKK
ADP, DOP
ADP, EGP
ADP, ESP
ADP, EUR
ADP, FIM
ADP, FRF
ADP, GBP
ADP, GRD
ADP, HKD
ADP, HUF
ADP, IDR
ADP, IEP
ADP, ILS
ADP, INR
ADP, ISK
ADP, ITL
ADP, JPY
ADP, KRW
ADP, LUF
ADP, MAD
ADP, MXN
ADP, MYR
ADP, NLG
ADP, NOK
ADP, NZD
ADP, PEN
ADP, PHP
ADP, PLN
ADP, PTE
ADP, RON
ADP, RUB
ADP, SAR
ADP, SEK
ADP, SGD
ADP, SIT
ADP, SKK
ADP, THB
ADP, TRL
ADP, TRY
ADP, TWD
ADP, UAH
ADP, UYU
ADP, XAG
ADP, XAU
ADP, XPD
ADP, XPT
ADP, ZAR
AED, ADP
AED, AFN
AED, ARS
AED, ATS
AED, AUD
AED, AZN
AED, BDT
AED, BEF
AED, BGN
AED, BMD
AED, BRL
AED, BWP
AED, CAD
AED, CHF
AED, CLP
AED, CNY
AED, COP
AED, CRC
AED, CSD
AED, CYP
AED, CZK
AED, DEM
AED, DKK
AED, DOP
AED, EEK
AED, EGP
AED, ESP
AED, EUR
AED, FIM
AED, FRF
AED, GBP
AED, GRD
AED, HKD
AED, HRK
AED, HUF
AED, IDR
AED, IEP
AED, ILS
AED, INR
AED, ISK
AED, ITL
AED, JOD
AED, JPY
AED, KRW
AED, KZT
AED, LKR
AED, LTL
AED, LUF
AED, LVL
AED, MAD
AED, MVR
AED, MXN
AED, MYR
AED, NAD
AED, NGN
AED, NLG
AED, NOK
AED, NZD
AED, OMR
AED, PEN
AED, PHP
AED, PKR
AED, PLN
AED, PTE
AED, ROL
AED, RON
AED, RUB
AED, SAR
AED, SEK
AED, SGD
AED, SIT
AED, SKK
AED, THB
AED, TND
AED, TRL
AED, TRY
AED, TWD
AED, TZS
AED, UAH
AED, UYU
AED, VEB
AED, XAF
AED, XAG
AED, XAU
AED, XPD
AED, XPT
AED, ZAR
AED, ZMK
AFN, ADP
AFN, ARS
AFN, ATS
AFN, AUD
AFN, BEF
AFN, BGN
AFN, BMD
AFN, BRL
AFN, BWP
AFN, CAD
AFN, CHF
AFN, CLP
AFN, CNY
AFN, COP
AFN, CRC
AFN, CYP
AFN, CZK
AFN, DEM
AFN, DKK
AFN, DOP
AFN, EEK
AFN, EGP
AFN, ESP
AFN, EUR
AFN, FIM
AFN, FRF
AFN, GBP
AFN, GRD
AFN, HKD
AFN, HRK
AFN, HUF
AFN, IDR
AFN, IEP
AFN, ILS
AFN, INR
AFN, ISK
AFN, ITL
AFN, JOD
AFN, JPY
AFN, KRW
AFN, KZT
AFN, LKR
AFN, LTL
AFN, LUF
AFN, LVL
AFN, MAD
AFN, MXN
AFN, MYR
AFN, NAD
AFN, NGN
AFN, NLG
AFN, NOK
AFN, NZD
AFN, OMR
AFN, PEN
AFN, PHP
AFN, PKR
AFN, PLN
AFN, PTE
AFN, ROL
AFN, RON
AFN, RUB
AFN, SAR
AFN, SEK
AFN, SGD
AFN, SIT
AFN, SKK
AFN, THB
AFN, TND
AFN, TRL
AFN, TRY
AFN, TWD
AFN, TZS
AFN, UAH
AFN, UYU
AFN, VEB
AFN, XAG
AFN, XAU
AFN, XPD
AFN, XPT
AFN, ZAR
AFN, ZMK
ARS, ATS
ARS, AUD
ARS, BEF
ARS, BRL
ARS, CAD
ARS, CHF
ARS, CZK
ARS, DEM
ARS, DKK
ARS, ESP
ARS, FIM
ARS, FRF
ARS, GBP
ARS, GRD
ARS, HKD
ARS, IEP
ARS, ITL
ARS, JPY
ARS, LUF
ARS, MXN
ARS, NLG
ARS, NOK
ARS, NZD
ARS, PLN
ARS, PTE
ARS, SEK
ARS, TRL
ARS, ZAR
ATS, AUD
ATS, CAD
ATS, CHF
ATS, ESP
ATS, EUR
ATS, FRF
ATS, GBP
ATS, JPY
ATS, NOK
ATS, SEK
AUD, BRL
AUD, CAD
AUD, CHF
AUD, DEM
AUD, FRF
AUD, ITL
AUD, JPY
AUD, NZD
AUD, USD
AZN, ADP
AZN, AFN
AZN, ARS
AZN, ATS
AZN, AUD
AZN, BEF
AZN, BGN
AZN, BMD
AZN, BRL
AZN, BWP
AZN, CAD
AZN, CHF
AZN, CLP
AZN, CNY
AZN, COP
AZN, CRC
AZN, CYP
AZN, CZK
AZN, DEM
AZN, DKK
AZN, DOP
AZN, EEK
AZN, EGP
AZN, ESP
AZN, EUR
AZN, FIM
AZN, FRF
AZN, GBP
AZN, GRD
AZN, HKD
AZN, HRK
AZN, HUF
AZN, IDR
AZN, IEP
AZN, ILS
AZN, INR
AZN, ISK
AZN, ITL
AZN, JOD
AZN, JPY
AZN, KRW
AZN, KZT
AZN, LKR
AZN, LTL
AZN, LUF
AZN, LVL
AZN, MAD
AZN, MXN
AZN, MYR
AZN, NAD
AZN, NGN
AZN, NLG
AZN, NOK
AZN, NZD
AZN, OMR
AZN, PEN
AZN, PHP
AZN, PKR
AZN, PLN
AZN, PTE
AZN, ROL
AZN, RON
AZN, RUB
AZN, SAR
AZN, SEK
AZN, SGD
AZN, SIT
AZN, SKK
AZN, THB
AZN, TND
AZN, TRL
AZN, TRY
AZN, TWD
AZN, TZS
AZN, UAH
AZN, USD
AZN, UYU
AZN, VEB
AZN, XAG
AZN, XAU
AZN, XPD
AZN, XPT
AZN, ZAR
AZN, ZMK
BDT, ADP
BDT, AFN
BDT, ARS
BDT, ATS
BDT, AUD
BDT, AZN
BDT, BEF
BDT, BGN
BDT, BMD
BDT, BRL
BDT, BWP
BDT, CAD
BDT, CHF
BDT, CLP
BDT, CNY
BDT, COP
BDT, CRC
BDT, CSD
BDT, CYP
BDT, CZK
BDT, DEM
BDT, DKK
BDT, DOP
BDT, EEK
BDT, EGP
BDT, ESP
BDT, EUR
BDT, FIM
BDT, FRF
BDT, GBP
BDT, GRD
BDT, HKD
BDT, HRK
BDT, HUF
BDT, IDR
BDT, IEP
BDT, ILS
BDT, INR
BDT, ISK
BDT, ITL
BDT, JOD
BDT, JPY
BDT, KRW
BDT, KZT
BDT, LKR
BDT, LTL
BDT, LUF
BDT, LVL
BDT, MAD
BDT, MVR
BDT, MXN
BDT, MYR
BDT, NAD
BDT, NGN
BDT, NLG
BDT, NOK
BDT, NZD
BDT, OMR
BDT, PEN
BDT, PHP
BDT, PKR
BDT, PLN
BDT, PTE
BDT, ROL
BDT, RON
BDT, RUB
BDT, SAR
BDT, SEK
BDT, SGD
BDT, SIT
BDT, SKK
BDT, THB
BDT, TND
BDT, TRL
BDT, TRY
BDT, TWD
BDT, TZS
BDT, UAH
BDT, UYU
BDT, VEB
BDT, XAG
BDT, XAU
BDT, XPD
BDT, XPT
BDT, ZAR
BDT, ZMK
BEF, ATS
BEF, AUD
BEF, CHF
BEF, DEM
BEF, ESP
BEF, EUR
BEF, FRF
BEF, GBP
BEF, ITL
BEF, JPY
BGN, ADP
BGN, ARS
BGN, ATS
BGN, AUD
BGN, BEF
BGN, BMD
BGN, BRL
BGN, BWP
BGN, CAD
BGN, CHF
BGN, CLP
BGN, CNY
BGN, COP
BGN, CRC
BGN, CYP
BGN, CZK
BGN, DEM
BGN, DKK
BGN, DOP
BGN, EEK
BGN, EGP
BGN, ESP
BGN, EUR
BGN, FIM
BGN, FRF
BGN, GBP
BGN, GRD
BGN, HKD
BGN, HRK
BGN, HUF
BGN, IDR
BGN, IEP
BGN, ILS
BGN, INR
BGN, ISK
BGN, ITL
BGN, JOD
BGN, JPY
BGN, KRW
BGN, LKR
BGN, LTL
BGN, LUF
BGN, LVL
BGN, MAD
BGN, MXN
BGN, MYR
BGN, NAD
BGN, NGN
BGN, NLG
BGN, NOK
BGN, NZD
BGN, OMR
BGN, PEN
BGN, PHP
BGN, PKR
BGN, PLN
BGN, PTE
BGN, ROL
BGN, RON
BGN, RUB
BGN, SAR
BGN, SEK
BGN, SGD
BGN, SIT
BGN, SKK
BGN, THB
BGN, TND
BGN, TRL
BGN, TRY
BGN, TWD
BGN, UAH
BGN, UYU
BGN, VEB
BGN, XAG
BGN, XAU
BGN, XPD
BGN, XPT
BGN, ZAR
BGN, ZMK
BMD, ARS
BMD, ATS
BMD, AUD
BMD, BEF
BMD, BRL
BMD, CAD
BMD, CHF
BMD, CLP
BMD, CNY
BMD, CZK
BMD, DEM
BMD, DKK
BMD, DOP
BMD, EGP
BMD, ESP
BMD, EUR
BMD, FIM
BMD, FRF
BMD, GBP
BMD, GRD
BMD, HKD
BMD, HUF
BMD, IDR
BMD, IEP
BMD, ILS
BMD, INR
BMD, ITL
BMD, JPY
BMD, KRW
BMD, LUF
BMD, MXN
BMD, MYR
BMD, NLG
BMD, NOK
BMD, NZD
BMD, PHP
BMD, PLN
BMD, PTE
BMD, RUB
BMD, SAR
BMD, SEK
BMD, SGD
BMD, SKK
BMD, THB
BMD, TRL
BMD, TRY
BMD, TWD
BMD, UAH
BMD, UYU
BMD, XAG
BMD, XAU
BMD, XPD
BMD, XPT
BMD, ZAR
BRL, ATS
BRL, BEF
BRL, CAD
BRL, CHF
BRL, CZK
BRL, DEM
BRL, DKK
BRL, ESP
BRL, FIM
BRL, FRF
BRL, GRD
BRL, HKD
BRL, IEP
BRL, ITL
BRL, JPY
BRL, LUF
BRL, MXN
BRL, NLG
BRL, NOK
BRL, NZD
BRL, PLN
BRL, PTE
BRL, SEK
BRL, TRL
BRL, ZAR
BWP, ARS
BWP, ATS
BWP, AUD
BWP, BEF
BWP, BMD
BWP, BRL
BWP, CAD
BWP, CHF
BWP, CLP
BWP, CNY
BWP, CZK
BWP, DEM
BWP, DKK
BWP, DOP
BWP, EGP
BWP, ESP
BWP, EUR
BWP, FIM
BWP, FRF
BWP, GBP
BWP, GRD
BWP, HKD
BWP, HUF
BWP, IDR
BWP, IEP
BWP, ILS
BWP, INR
BWP, ITL
BWP, JPY
BWP, KRW
BWP, LUF
BWP, MXN
BWP, MYR
BWP, NLG
BWP, NOK
BWP, NZD
BWP, PHP
BWP, PLN
BWP, PTE
BWP, RUB
BWP, SAR
BWP, SEK
BWP, SGD
BWP, SKK
BWP, THB
BWP, TRL
BWP, TRY
BWP, TWD
BWP, UAH
BWP, UYU
BWP, XAG
BWP, XAU
BWP, XPD
BWP, XPT
BWP, ZAR
CAD, BEF
CAD, CHF
CAD, DEM
CAD, DKK
CAD, ESP
CAD, FRF
CAD, GBP
CAD, GRD
CAD, ITL
CAD, JPY
CAD, NLG
CAD, NOK
CAD, PTE
CHF, DEM
CHF, JPY
CHF, MXN
CHF, TRY
CLP, ARS
CLP, ATS
CLP, AUD
CLP, BEF
CLP, BRL
CLP, CAD
CLP, CHF
CLP, CZK
CLP, DEM
CLP, DKK
CLP, ESP
CLP, EUR
CLP, FIM
CLP, FRF
CLP, GBP
CLP, GRD
CLP, HKD
CLP, IEP
CLP, ITL
CLP, JPY
CLP, LUF
CLP, MXN
CLP, NLG
CLP, NOK
CLP, NZD
CLP, PLN
CLP, PTE
CLP, SEK
CLP, TRL
CLP, ZAR
CNH, ADP
CNH, AED
CNH, AFN
CNH, ARS
CNH, ATS
CNH, AUD
CNH, AZN
CNH, BDT
CNH, BEF
CNH, BGN
CNH, BMD
CNH, BRL
CNH, BWP
CNH, CAD
CNH, CHF
CNH, CLP
CNH, CNY
CNH, COP
CNH, CRC
CNH, CSD
CNH, CYP
CNH, CZK
CNH, DEM
CNH, DKK
CNH, DOP
CNH, EEK
CNH, EGP
CNH, ESP
CNH, EUR
CNH, FIM
CNH, FRF
CNH, GBP
CNH, GRD
CNH, HKD
CNH, HRK
CNH, HUF
CNH, IDR
CNH, IEP
CNH, ILS
CNH, INR
CNH, ISK
CNH, ITL
CNH, JOD
CNH, JPY
CNH, KES
CNH, KRW
CNH, KZT
CNH, LKR
CNH, LTL
CNH, LUF
CNH, LVL
CNH, MAD
CNH, MVR
CNH, MXN
CNH, MYR
CNH, NAD
CNH, NGN
CNH, NLG
CNH, NOK
CNH, NZD
CNH, OMR
CNH, PEN
CNH, PHP
CNH, PKR
CNH, PLN
CNH, PTE
CNH, QAR
CNH, ROL
CNH, RON
CNH, RUB
CNH, SAR
CNH, SEK
CNH, SGD
CNH, SIT
CNH, SKK
CNH, THB
CNH, TND
CNH, TRL
CNH, TRY
CNH, TWD
CNH, TZS
CNH, UAH
CNH, UYU
CNH, VEB
CNH, VEF
CNH, XAF
CNH, XAG
CNH, XAL
CNH, XAU
CNH, XCU
CNH, XNI
CNH, XPB
CNH, XPD
CNH, XPT
CNH, XSN
CNH, XZN
CNH, ZAR
CNH, ZMK
CNY, ARS
CNY, ATS
CNY, AUD
CNY, BEF
CNY, BRL
CNY, CAD
CNY, CHF
CNY, CLP
CNY, CZK
CNY, DEM
CNY, DKK
CNY, ESP
CNY, EUR
CNY, FIM
CNY, FRF
CNY, GBP
CNY, GRD
CNY, HKD
CNY, IEP
CNY, ILS
CNY, ITL
CNY, JPY
CNY, KRW
CNY, LUF
CNY, MXN
CNY, NLG
CNY, NOK
CNY, NZD
CNY, PLN
CNY, PTE
CNY, SEK
CNY, TRL
CNY, ZAR
COP, ARS
COP, ATS
COP, AUD
COP, BEF
COP, BMD
COP, BRL
COP, BWP
COP, CAD
COP, CHF
COP, CLP
COP, CNY
COP, CZK
COP, DEM
COP, DKK
COP, DOP
COP, EGP
COP, ESP
COP, EUR
COP, FIM
COP, FRF
COP, GBP
COP, GRD
COP, HKD
COP, HUF
COP, IDR
COP, IEP
COP, ILS
COP, INR
COP, ITL
COP, JPY
COP, KRW
COP, LUF
COP, MXN
COP, MYR
COP, NLG
COP, NOK
COP, NZD
COP, PHP
COP, PLN
COP, PTE
COP, RUB
COP, SAR
COP, SEK
COP, SGD
COP, SKK
COP, THB
COP, TRL
COP, TRY
COP, TWD
COP, UAH
COP, UYU
COP, XAG
COP, XAU
COP, XPD
COP, XPT
COP, ZAR
CRC, ARS
CRC, ATS
CRC, AUD
CRC, BEF
CRC, BMD
CRC, BRL
CRC, BWP
CRC, CAD
CRC, CHF
CRC, CLP
CRC, CNY
CRC, COP
CRC, CZK
CRC, DEM
CRC, DKK
CRC, DOP
CRC, EGP
CRC, ESP
CRC, EUR
CRC, FIM
CRC, FRF
CRC, GBP
CRC, GRD
CRC, HKD
CRC, HUF
CRC, IDR
CRC, IEP
CRC, ILS
CRC, INR
CRC, ITL
CRC, JPY
CRC, KRW
CRC, LUF
CRC, MXN
CRC, MYR
CRC, NLG
CRC, NOK
CRC, NZD
CRC, PHP
CRC, PLN
CRC, PTE
CRC, RUB
CRC, SAR
CRC, SEK
CRC, SGD
CRC, SKK
CRC, THB
CRC, TRL
CRC, TRY
CRC, TWD
CRC, UAH
CRC, UYU
CRC, XAG
CRC, XAU
CRC, XPD
CRC, XPT
CRC, ZAR
CSD, ADP
CSD, AFN
CSD, ARS
CSD, ATS
CSD, AUD
CSD, AZN
CSD, BEF
CSD, BGN
CSD, BMD
CSD, BRL
CSD, BWP
CSD, CAD
CSD, CHF
CSD, CLP
CSD, CNY
CSD, COP
CSD, CRC
CSD, CYP
CSD, CZK
CSD, DEM
CSD, DKK
CSD, DOP
CSD, EEK
CSD, EGP
CSD, ESP
CSD, EUR
CSD, FIM
CSD, FRF
CSD, GBP
CSD, GRD
CSD, HKD
CSD, HRK
CSD, HUF
CSD, IDR
CSD, IEP
CSD, ILS
CSD, INR
CSD, ISK
CSD, ITL
CSD, JOD
CSD, JPY
CSD, KRW
CSD, KZT
CSD, LKR
CSD, LTL
CSD, LUF
CSD, LVL
CSD, MAD
CSD, MXN
CSD, MYR
CSD, NAD
CSD, NGN
CSD, NLG
CSD, NOK
CSD, NZD
CSD, OMR
CSD, PEN
CSD, PHP
CSD, PKR
CSD, PLN
CSD, PTE
CSD, ROL
CSD, RON
CSD, RUB
CSD, SAR
CSD, SEK
CSD, SGD
CSD, SIT
CSD, SKK
CSD, THB
CSD, TND
CSD, TRL
CSD, TRY
CSD, TWD
CSD, TZS
CSD, UAH
CSD, UYU
CSD, VEB
CSD, XAG
CSD, XAU
CSD, XPD
CSD, XPT
CSD, ZAR
CSD, ZMK
CYP, ARS
CYP, ATS
CYP, AUD
CYP, BEF
CYP, BMD
CYP, BRL
CYP, BWP
CYP, CAD
CYP, CHF
CYP, CLP
CYP, CNY
CYP, COP
CYP, CRC
CYP, CZK
CYP, DEM
CYP, DKK
CYP, DOP
CYP, EGP
CYP, ESP
CYP, EUR
CYP, FIM
CYP, FRF
CYP, GBP
CYP, GRD
CYP, HKD
CYP, HUF
CYP, IDR
CYP, IEP
CYP, ILS
CYP, INR
CYP, ITL
CYP, JPY
CYP, KRW
CYP, LUF
CYP, MXN
CYP, MYR
CYP, NLG
CYP, NOK
CYP, NZD
CYP, PHP
CYP, PLN
CYP, PTE
CYP, RUB
CYP, SAR
CYP, SEK
CYP, SGD
CYP, SKK
CYP, THB
CYP, TRL
CYP, TRY
CYP, TWD
CYP, UAH
CYP, UYU
CYP, XAG
CYP, XAU
CYP, XPD
CYP, XPT
CYP, ZAR
CZK, ATS
CZK, AUD
CZK, BEF
CZK, CAD
CZK, CHF
CZK, DEM
CZK, DKK
CZK, ESP
CZK, FRF
CZK, GBP
CZK, GRD
CZK, ITL
CZK, JPY
CZK, NLG
CZK, NOK
CZK, NZD
CZK, PTE
CZK, SEK
CZK, ZAR
DEM, ATS
DEM, ESP
DEM, EUR
DEM, FRF
DEM, SEK
DKK, ATS
DKK, AUD
DKK, BEF
DKK, CHF
DKK, DEM
DKK, ESP
DKK, FRF
DKK, GBP
DKK, ITL
DKK, JPY
DKK, NLG
DKK, SEK
DOP, ARS
DOP, ATS
DOP, AUD
DOP, BEF
DOP, BRL
DOP, CAD
DOP, CHF
DOP, CLP
DOP, CNY
DOP, CZK
DOP, DEM
DOP, DKK
DOP, ESP
DOP, EUR
DOP, FIM
DOP, FRF
DOP, GBP
DOP, GRD
DOP, HKD
DOP, HUF
DOP, IDR
DOP, IEP
DOP, ILS
DOP, INR
DOP, ITL
DOP, JPY
DOP, KRW
DOP, LUF
DOP, MXN
DOP, MYR
DOP, NLG
DOP, NOK
DOP, NZD
DOP, PHP
DOP, PLN
DOP, PTE
DOP, RUB
DOP, SAR
DOP, SEK
DOP, SGD
DOP, SKK
DOP, THB
DOP, TRL
DOP, TRY
DOP, TWD
DOP, UAH
DOP, UYU
DOP, XAG
DOP, XAU
DOP, XPD
DOP, XPT
DOP, ZAR
EEK, ADP
EEK, ARS
EEK, ATS
EEK, AUD
EEK, BEF
EEK, BMD
EEK, BRL
EEK, BWP
EEK, CAD
EEK, CHF
EEK, CLP
EEK, CNY
EEK, COP
EEK, CRC
EEK, CYP
EEK, CZK
EEK, DEM
EEK, DKK
EEK, DOP
EEK, EGP
EEK, ESP
EEK, EUR
EEK, FIM
EEK, FRF
EEK, GBP
EEK, GRD
EEK, HKD
EEK, HUF
EEK, IDR
EEK, IEP
EEK, ILS
EEK, INR
EEK, ISK
EEK, ITL
EEK, JPY
EEK, KRW
EEK, LUF
EEK, MAD
EEK, MXN
EEK, MYR
EEK, NLG
EEK, NOK
EEK, NZD
EEK, PEN
EEK, PHP
EEK, PLN
EEK, PTE
EEK, RON
EEK, RUB
EEK, SAR
EEK, SEK
EEK, SGD
EEK, SIT
EEK, SKK
EEK, THB
EEK, TRL
EEK, TRY
EEK, TWD
EEK, UAH
EEK, UYU
EEK, XAG
EEK, XAU
EEK, XPD
EEK, XPT
EEK, ZAR
EGP, ARS
EGP, ATS
EGP, AUD
EGP, BEF
EGP, BRL
EGP, CAD
EGP, CHF
EGP, CLP
EGP, CNY
EGP, CZK
EGP, DEM
EGP, DKK
EGP, DOP
EGP, ESP
EGP, EUR
EGP, FIM
EGP, FRF
EGP, GBP
EGP, GRD
EGP, HKD
EGP, HUF
EGP, IDR
EGP, IEP
EGP, ILS
EGP, INR
EGP, ITL
EGP, JPY
EGP, KRW
EGP, LUF
EGP, MXN
EGP, MYR
EGP, NLG
EGP, NOK
EGP, NZD
EGP, PHP
EGP, PLN
EGP, PTE
EGP, RUB
EGP, SAR
EGP, SEK
EGP, SGD
EGP, SKK
EGP, THB
EGP, TRL
EGP, TRY
EGP, TWD
EGP, UAH
EGP, UYU
EGP, XAG
EGP, XAU
EGP, XPD
EGP, XPT
EGP, ZAR
ESP, AUD
ESP, CHF
ESP, EUR
ESP, FRF
ESP, GBP
ESP, JPY
EUR, ARS
EUR, AUD
EUR, BRL
EUR, CAD
EUR, CHF
EUR, CZK
EUR, DKK
EUR, GBP
EUR, GRD
EUR, HUF
EUR, INR
EUR, ISK
EUR, JPY
EUR, LVL
EUR, MXN
EUR, NOK
EUR, NZD
EUR, PLN
EUR, RON
EUR, RUB
EUR, SEK
EUR, SKK
EUR, TRY
EUR, USD
EUR, ZAR
FIM, ATS
FIM, AUD
FIM, BEF
FIM, CAD
FIM, CHF
FIM, CZK
FIM, DEM
FIM, DKK
FIM, ESP
FIM, EUR
FIM, FRF
FIM, GBP
FIM, ITL
FIM, JPY
FIM, NLG
FIM, NOK
FIM, NZD
FIM, SEK
FIM, ZAR
FRF, CHF
FRF, EUR
FRF, JPY
GBP, AUD
GBP, BRL
GBP, CHF
GBP, DEM
GBP, FRF
GBP, INR
GBP, JPY
GBP, MXN
GBP, NOK
GBP, SGD
GBP, TRY
GBP, USD
GBP, ZAR
GRD, ATS
GRD, AUD
GRD, BEF
GRD, CHF
GRD, DEM
GRD, DKK
GRD, ESP
GRD, FIM
GRD, FRF
GRD, GBP
GRD, IEP
GRD, ITL
GRD, JPY
GRD, NLG
GRD, PTE
GRD, SEK
HKD, ATS
HKD, AUD
HKD, BEF
HKD, CAD
HKD, CHF
HKD, CZK
HKD, DEM
HKD, DKK
HKD, ESP
HKD, EUR
HKD, FIM
HKD, FRF
HKD, GBP
HKD, GRD
HKD, IEP
HKD, ITL
HKD, JPY
HKD, LUF
HKD, NLG
HKD, NOK
HKD, NZD
HKD, PLN
HKD, PTE
HKD, SEK
HKD, TRL
HKD, ZAR
HRK, ADP
HRK, ARS
HRK, ATS
HRK, AUD
HRK, BEF
HRK, BMD
HRK, BRL
HRK, BWP
HRK, CAD
HRK, CHF
HRK, CLP
HRK, CNY
HRK, COP
HRK, CRC
HRK, CYP
HRK, CZK
HRK, DEM
HRK, DKK
HRK, DOP
HRK, EEK
HRK, EGP
HRK, ESP
HRK, EUR
HRK, FIM
HRK, FRF
HRK, GBP
HRK, GRD
HRK, HKD
HRK, HUF
HRK, IDR
HRK, IEP
HRK, ILS
HRK, INR
HRK, ISK
HRK, ITL
HRK, JPY
HRK, KRW
HRK, LUF
HRK, MAD
HRK, MXN
HRK, MYR
HRK, NLG
HRK, NOK
HRK, NZD
HRK, PEN
HRK, PHP
HRK, PLN
HRK, PTE
HRK, RON
HRK, RUB
HRK, SAR
HRK, SEK
HRK, SGD
HRK, SIT
HRK, SKK
HRK, THB
HRK, TRL
HRK, TRY
HRK, TWD
HRK, UAH
HRK, UYU
HRK, XAG
HRK, XAU
HRK, XPD
HRK, XPT
HRK, ZAR
HUF, ARS
HUF, ATS
HUF, AUD
HUF, BEF
HUF, BRL
HUF, CAD
HUF, CHF
HUF, CLP
HUF, CNY
HUF, CZK
HUF, DEM
HUF, DKK
HUF, ESP
HUF, FIM
HUF, FRF
HUF, GBP
HUF, GRD
HUF, HKD
HUF, IEP
HUF, ILS
HUF, ITL
HUF, JPY
HUF, KRW
HUF, LUF
HUF, MXN
HUF, NLG
HUF, NOK
HUF, NZD
HUF, PHP
HUF, PLN
HUF, PTE
HUF, SEK
HUF, SKK
HUF, THB
HUF, TRL
HUF, TWD
HUF, ZAR
IDR, ARS
IDR, ATS
IDR, AUD
IDR, BEF
IDR, BRL
IDR, CAD
IDR, CHF
IDR, CLP
IDR, CNY
IDR, CZK
IDR, DEM
IDR, DKK
IDR, ESP
IDR, EUR
IDR, FIM
IDR, FRF
IDR, GBP
IDR, GRD
IDR, HKD
IDR, HUF
IDR, IEP
IDR, ILS
IDR, INR
IDR, ITL
IDR, JPY
IDR, KRW
IDR, LUF
IDR, MXN
IDR, NLG
IDR, NOK
IDR, NZD
IDR, PHP
IDR, PLN
IDR, PTE
IDR, RUB
IDR, SAR
IDR, SEK
IDR, SGD
IDR, SKK
IDR, THB
IDR, TRL
IDR, TWD
IDR, UYU
IDR, ZAR
IEP, ATS
IEP, AUD
IEP, BEF
IEP, CAD
IEP, CHF
IEP, CZK
IEP, DEM
IEP, DKK
IEP, ESP
IEP, EUR
IEP, FIM
IEP, FRF
IEP, GBP
IEP, ITL
IEP, JPY
IEP, NLG
IEP, NOK
IEP, NZD
IEP, PTE
IEP, SEK
IEP, ZAR
ILS, ARS
ILS, ATS
ILS, AUD
ILS, BEF
ILS, BRL
ILS, CAD
ILS, CHF
ILS, CLP
ILS, CZK
ILS, DEM
ILS, DKK
ILS, ESP
ILS, EUR
ILS, FIM
ILS, FRF
ILS, GBP
ILS, GRD
ILS, HKD
ILS, IEP
ILS, ITL
ILS, JPY
ILS, LUF
ILS, MXN
ILS, NLG
ILS, NOK
ILS, NZD
ILS, PLN
ILS, PTE
ILS, SEK
ILS, TRL
ILS, ZAR
INR, ARS
INR, ATS
INR, AUD
INR, BEF
INR, BRL
INR, CAD
INR, CHF
INR, CLP
INR, CNY
INR, CZK
INR, DEM
INR, DKK
INR, ESP
INR, FIM
INR, FRF
INR, GRD
INR, HKD
INR, HUF
INR, IEP
INR, ILS
INR, ITL
INR, JPY
INR, KRW
INR, LUF
INR, MXN
INR, NLG
INR, NOK
INR, NZD
INR, PHP
INR, PLN
INR, PTE
INR, RUB
INR, SAR
INR, SEK
INR, SGD
INR, SKK
INR, THB
INR, TRL
INR, TWD
INR, UYU
INR, ZAR
ISK, ARS
ISK, ATS
ISK, AUD
ISK, BEF
ISK, BMD
ISK, BRL
ISK, BWP
ISK, CAD
ISK, CHF
ISK, CLP
ISK, CNY
ISK, COP
ISK, CRC
ISK, CYP
ISK, CZK
ISK, DEM
ISK, DKK
ISK, DOP
ISK, EGP
ISK, ESP
ISK, FIM
ISK, FRF
ISK, GBP
ISK, GRD
ISK, HKD
ISK, HUF
ISK, IDR
ISK, IEP
ISK, ILS
ISK, INR
ISK, ITL
ISK, JPY
ISK, KRW
ISK, LUF
ISK, MXN
ISK, MYR
ISK, NLG
ISK, NOK
ISK, NZD
ISK, PHP
ISK, PLN
ISK, PTE
ISK, RUB
ISK, SAR
ISK, SEK
ISK, SGD
ISK, SKK
ISK, THB
ISK, TRL
ISK, TRY
ISK, TWD
ISK, UAH
ISK, UYU
ISK, XAG
ISK, XAU
ISK, XPD
ISK, XPT
ISK, ZAR
ITL, ATS
ITL, CHF
ITL, DEM
ITL, ESP
ITL, EUR
ITL, FRF
ITL, GBP
JOD, ADP
JOD, ARS
JOD, ATS
JOD, AUD
JOD, BEF
JOD, BMD
JOD, BRL
JOD, BWP
JOD, CAD
JOD, CHF
JOD, CLP
JOD, CNY
JOD, COP
JOD, CRC
JOD, CYP
JOD, CZK
JOD, DEM
JOD, DKK
JOD, DOP
JOD, EEK
JOD, EGP
JOD, ESP
JOD, EUR
JOD, FIM
JOD, FRF
JOD, GBP
JOD, GRD
JOD, HKD
JOD, HRK
JOD, HUF
JOD, IDR
JOD, IEP
JOD, ILS
JOD, INR
JOD, ISK
JOD, ITL
JOD, JPY
JOD, KRW
JOD, LUF
JOD, MAD
JOD, MXN
JOD, MYR
JOD, NLG
JOD, NOK
JOD, NZD
JOD, PEN
JOD, PHP
JOD, PLN
JOD, PTE
JOD, RON
JOD, RUB
JOD, SAR
JOD, SEK
JOD, SGD
JOD, SIT
JOD, SKK
JOD, THB
JOD, TRL
JOD, TRY
JOD, TWD
JOD, UAH
JOD, UYU
JOD, XAG
JOD, XAU
JOD, XPD
JOD, XPT
JOD, ZAR
JPY, DEM
JPY, ITL
JPY, KRW
KES, ADP
KES, AED
KES, AFN
KES, ARS
KES, ATS
KES, AUD
KES, AZN
KES, BDT
KES, BEF
KES, BGN
KES, BMD
KES, BRL
KES, BWP
KES, CAD
KES, CHF
KES, CLP
KES, CNY
KES, COP
KES, CRC
KES, CSD
KES, CYP
KES, CZK
KES, DEM
KES, DKK
KES, DOP
KES, EEK
KES, EGP
KES, ESP
KES, EUR
KES, FIM
KES, FRF
KES, GBP
KES, GRD
KES, HKD
KES, HRK
KES, HUF
KES, IDR
KES, IEP
KES, ILS
KES, INR
KES, ISK
KES, ITL
KES, JOD
KES, JPY
KES, KRW
KES, KZT
KES, LKR
KES, LTL
KES, LUF
KES, LVL
KES, MAD
KES, MVR
KES, MXN
KES, MYR
KES, NAD
KES, NGN
KES, NLG
KES, NOK
KES, NZD
KES, OMR
KES, PEN
KES, PHP
KES, PKR
KES, PLN
KES, PTE
KES, QAR
KES, ROL
KES, RON
KES, RUB
KES, SAR
KES, SEK
KES, SGD
KES, SIT
KES, SKK
KES, THB
KES, TND
KES, TRL
KES, TRY
KES, TWD
KES, TZS
KES, UAH
KES, USD
KES, UYU
KES, VEB
KES, VEF
KES, XAF
KES, XAG
KES, XAL
KES, XAU
KES, XCU
KES, XNI
KES, XPB
KES, XPD
KES, XPT
KES, XSN
KES, XZN
KES, ZAR
KES, ZMK
KRW, ARS
KRW, ATS
KRW, AUD
KRW, BEF
KRW, BRL
KRW, CAD
KRW, CHF
KRW, CLP
KRW, CZK
KRW, DEM
KRW, DKK
KRW, ESP
KRW, EUR
KRW, FIM
KRW, FRF
KRW, GBP
KRW, GRD
KRW, HKD
KRW, IEP
KRW, ILS
KRW, ITL
KRW, LUF
KRW, MXN
KRW, NLG
KRW, NOK
KRW, NZD
KRW, PLN
KRW, PTE
KRW, SEK
KRW, TRL
KRW, ZAR
KZT, ADP
KZT, ARS
KZT, ATS
KZT, AUD
KZT, BEF
KZT, BGN
KZT, BMD
KZT, BRL
KZT, BWP
KZT, CAD
KZT, CHF
KZT, CLP
KZT, CNY
KZT, COP
KZT, CRC
KZT, CYP
KZT, CZK
KZT, DEM
KZT, DKK
KZT, DOP
KZT, EEK
KZT, EGP
KZT, ESP
KZT, EUR
KZT, FIM
KZT, FRF
KZT, GBP
KZT, GRD
KZT, HKD
KZT, HRK
KZT, HUF
KZT, IDR
KZT, IEP
KZT, ILS
KZT, INR
KZT, ISK
KZT, ITL
KZT, JOD
KZT, JPY
KZT, KRW
KZT, LKR
KZT, LTL
KZT, LUF
KZT, LVL
KZT, MAD
KZT, MXN
KZT, MYR
KZT, NAD
KZT, NGN
KZT, NLG
KZT, NOK
KZT, NZD
KZT, OMR
KZT, PEN
KZT, PHP
KZT, PKR
KZT, PLN
KZT, PTE
KZT, ROL
KZT, RON
KZT, RUB
KZT, SAR
KZT, SEK
KZT, SGD
KZT, SIT
KZT, SKK
KZT, THB
KZT, TND
KZT, TRL
KZT, TRY
KZT, TWD
KZT, TZS
KZT, UAH
KZT, UYU
KZT, VEB
KZT, XAG
KZT, XAU
KZT, XPD
KZT, XPT
KZT, ZAR
KZT, ZMK
LKR, ADP
LKR, ARS
LKR, ATS
LKR, AUD
LKR, BEF
LKR, BMD
LKR, BRL
LKR, BWP
LKR, CAD
LKR, CHF
LKR, CLP
LKR, CNY
LKR, COP
LKR, CRC
LKR, CYP
LKR, CZK
LKR, DEM
LKR, DKK
LKR, DOP
LKR, EEK
LKR, EGP
LKR, ESP
LKR, EUR
LKR, FIM
LKR, FRF
LKR, GBP
LKR, GRD
LKR, HKD
LKR, HRK
LKR, HUF
LKR, IDR
LKR, IEP
LKR, ILS
LKR, INR
LKR, ISK
LKR, ITL
LKR, JOD
LKR, JPY
LKR, KRW
LKR, LUF
LKR, MAD
LKR, MXN
LKR, MYR
LKR, NLG
LKR, NOK
LKR, NZD
LKR, PEN
LKR, PHP
LKR, PLN
LKR, PTE
LKR, RON
LKR, RUB
LKR, SAR
LKR, SEK
LKR, SGD
LKR, SIT
LKR, SKK
LKR, THB
LKR, TRL
LKR, TRY
LKR, TWD
LKR, UAH
LKR, UYU
LKR, XAG
LKR, XAU
LKR, XPD
LKR, XPT
LKR, ZAR
LTL, ADP
LTL, ARS
LTL, ATS
LTL, AUD
LTL, BEF
LTL, BMD
LTL, BRL
LTL, BWP
LTL, CAD
LTL, CHF
LTL, CLP
LTL, CNY
LTL, COP
LTL, CRC
LTL, CYP
LTL, CZK
LTL, DEM
LTL, DKK
LTL, DOP
LTL, EEK
LTL, EGP
LTL, ESP
LTL, EUR
LTL, FIM
LTL, FRF
LTL, GBP
LTL, GRD
LTL, HKD
LTL, HRK
LTL, HUF
LTL, IDR
LTL, IEP
LTL, ILS
LTL, INR
LTL, ISK
LTL, ITL
LTL, JOD
LTL, JPY
LTL, KRW
LTL, LKR
LTL, LUF
LTL, MAD
LTL, MXN
LTL, MYR
LTL, NLG
LTL, NOK
LTL, NZD
LTL, PEN
LTL, PHP
LTL, PLN
LTL, PTE
LTL, RON
LTL, RUB
LTL, SAR
LTL, SEK
LTL, SGD
LTL, SIT
LTL, SKK
LTL, THB
LTL, TRL
LTL, TRY
LTL, TWD
LTL, UAH
LTL, UYU
LTL, XAG
LTL, XAU
LTL, XPD
LTL, XPT
LTL, ZAR
LUF, ATS
LUF, AUD
LUF, BEF
LUF, CAD
LUF, CHF
LUF, CZK
LUF, DEM
LUF, DKK
LUF, ESP
LUF, EUR
LUF, FIM
LUF, FRF
LUF, GBP
LUF, GRD
LUF, IEP
LUF, ITL
LUF, JPY
LUF, NLG
LUF, NOK
LUF, NZD
LUF, PTE
LUF, SEK
LUF, ZAR
LVL, ADP
LVL, ARS
LVL, ATS
LVL, AUD
LVL, BEF
LVL, BMD
LVL, BRL
LVL, BWP
LVL, CAD
LVL, CHF
LVL, CLP
LVL, CNY
LVL, COP
LVL, CRC
LVL, CYP
LVL, CZK
LVL, DEM
LVL, DKK
LVL, DOP
LVL, EEK
LVL, EGP
LVL, ESP
LVL, FIM
LVL, FRF
LVL, GBP
LVL, GRD
LVL, HKD
LVL, HRK
LVL, HUF
LVL, IDR
LVL, IEP
LVL, ILS
LVL, INR
LVL, ISK
LVL, ITL
LVL, JOD
LVL, JPY
LVL, KRW
LVL, LKR
LVL, LTL
LVL, LUF
LVL, MAD
LVL, MXN
LVL, MYR
LVL, NLG
LVL, NOK
LVL, NZD
LVL, PEN
LVL, PHP
LVL, PLN
LVL, PTE
LVL, RON
LVL, RUB
LVL, SAR
LVL, SEK
LVL, SGD
LVL, SIT
LVL, SKK
LVL, THB
LVL, TRL
LVL, TRY
LVL, TWD
LVL, UAH
LVL, UYU
LVL, XAG
LVL, XAU
LVL, XPD
LVL, XPT
LVL, ZAR
MAD, ARS
MAD, ATS
MAD, AUD
MAD, BEF
MAD, BMD
MAD, BRL
MAD, BWP
MAD, CAD
MAD, CHF
MAD, CLP
MAD, CNY
MAD, COP
MAD, CRC
MAD, CYP
MAD, CZK
MAD, DEM
MAD, DKK
MAD, DOP
MAD, EGP
MAD, ESP
MAD, EUR
MAD, FIM
MAD, FRF
MAD, GBP
MAD, GRD
MAD, HKD
MAD, HUF
MAD, IDR
MAD, IEP
MAD, ILS
MAD, INR
MAD, ISK
MAD, ITL
MAD, JPY
MAD, KRW
MAD, LUF
MAD, MXN
MAD, MYR
MAD, NLG
MAD, NOK
MAD, NZD
MAD, PHP
MAD, PLN
MAD, PTE
MAD, RUB
MAD, SAR
MAD, SEK
MAD, SGD
MAD, SKK
MAD, THB
MAD, TRL
MAD, TRY
MAD, TWD
MAD, UAH
MAD, UYU
MAD, XAG
MAD, XAU
MAD, XPD
MAD, XPT
MAD, ZAR
MVR, ADP
MVR, AFN
MVR, ARS
MVR, ATS
MVR, AUD
MVR, AZN
MVR, BEF
MVR, BGN
MVR, BMD
MVR, BRL
MVR, BWP
MVR, CAD
MVR, CHF
MVR, CLP
MVR, CNY
MVR, COP
MVR, CRC
MVR, CSD
MVR, CYP
MVR, CZK
MVR, DEM
MVR, DKK
MVR, DOP
MVR, EEK
MVR, EGP
MVR, ESP
MVR, EUR
MVR, FIM
MVR, FRF
MVR, GBP
MVR, GRD
MVR, HKD
MVR, HRK
MVR, HUF
MVR, IDR
MVR, IEP
MVR, ILS
MVR, INR
MVR, ISK
MVR, ITL
MVR, JOD
MVR, JPY
MVR, KRW
MVR, KZT
MVR, LKR
MVR, LTL
MVR, LUF
MVR, LVL
MVR, MAD
MVR, MXN
MVR, MYR
MVR, NAD
MVR, NGN
MVR, NLG
MVR, NOK
MVR, NZD
MVR, OMR
MVR, PEN
MVR, PHP
MVR, PKR
MVR, PLN
MVR, PTE
MVR, ROL
MVR, RON
MVR, RUB
MVR, SAR
MVR, SEK
MVR, SGD
MVR, SIT
MVR, SKK
MVR, THB
MVR, TND
MVR, TRL
MVR, TRY
MVR, TWD
MVR, TZS
MVR, UAH
MVR, UYU
MVR, VEB
MVR, XAG
MVR, XAU
MVR, XPD
MVR, XPT
MVR, ZAR
MVR, ZMK
MXN, ATS
MXN, AUD
MXN, BEF
MXN, CAD
MXN, CZK
MXN, DEM
MXN, DKK
MXN, ESP
MXN, FIM
MXN, FRF
MXN, GRD
MXN, HKD
MXN, IEP
MXN, ITL
MXN, JPY
MXN, LUF
MXN, NLG
MXN, NOK
MXN, NZD
MXN, PLN
MXN, PTE
MXN, SEK
MXN, TRL
MXN, ZAR
MYR, ARS
MYR, ATS
MYR, AUD
MYR, BEF
MYR, BRL
MYR, CAD
MYR, CHF
MYR, CLP
MYR, CNY
MYR, CZK
MYR, DEM
MYR, DKK
MYR, ESP
MYR, EUR
MYR, FIM
MYR, FRF
MYR, GBP
MYR, GRD
MYR, HKD
MYR, HUF
MYR, IDR
MYR, IEP
MYR, ILS
MYR, INR
MYR, ITL
MYR, JPY
MYR, KRW
MYR, LUF
MYR, MXN
MYR, NLG
MYR, NOK
MYR, NZD
MYR, PHP
MYR, PLN
MYR, PTE
MYR, RUB
MYR, SAR
MYR, SEK
MYR, SGD
MYR, SKK
MYR, THB
MYR, TRL
MYR, TWD
MYR, UYU
MYR, XPD
MYR, ZAR
NAD, ADP
NAD, ARS
NAD, ATS
NAD, AUD
NAD, BEF
NAD, BMD
NAD, BRL
NAD, BWP
NAD, CAD
NAD, CHF
NAD, CLP
NAD, CNY
NAD, COP
NAD, CRC
NAD, CYP
NAD, CZK
NAD, DEM
NAD, DKK
NAD, DOP
NAD, EEK
NAD, EGP
NAD, ESP
NAD, EUR
NAD, FIM
NAD, FRF
NAD, GBP
NAD, GRD
NAD, HKD
NAD, HRK
NAD, HUF
NAD, IDR
NAD, IEP
NAD, ILS
NAD, INR
NAD, ISK
NAD, ITL
NAD, JOD
NAD, JPY
NAD, KRW
NAD, LKR
NAD, LTL
NAD, LUF
NAD, LVL
NAD, MAD
NAD, MXN
NAD, MYR
NAD, NLG
NAD, NOK
NAD, NZD
NAD, PEN
NAD, PHP
NAD, PLN
NAD, PTE
NAD, RON
NAD, RUB
NAD, SAR
NAD, SEK
NAD, SGD
NAD, SIT
NAD, SKK
NAD, THB
NAD, TRL
NAD, TRY
NAD, TWD
NAD, UAH
NAD, UYU
NAD, XAG
NAD, XAU
NAD, XPD
NAD, XPT
NAD, ZAR
NGN, ADP
NGN, ARS
NGN, ATS
NGN, AUD
NGN, BEF
NGN, BMD
NGN, BRL
NGN, BWP
NGN, CAD
NGN, CHF
NGN, CLP
NGN, CNY
NGN, COP
NGN, CRC
NGN, CYP
NGN, CZK
NGN, DEM
NGN, DKK
NGN, DOP
NGN, EEK
NGN, EGP
NGN, ESP
NGN, EUR
NGN, FIM
NGN, FRF
NGN, GBP
NGN, GRD
NGN, HKD
NGN, HRK
NGN, HUF
NGN, IDR
NGN, IEP
NGN, ILS
NGN, INR
NGN, ISK
NGN, ITL
NGN, JOD
NGN, JPY
NGN, KRW
NGN, LKR
NGN, LTL
NGN, LUF
NGN, LVL
NGN, MAD
NGN, MXN
NGN, MYR
NGN, NAD
NGN, NLG
NGN, NOK
NGN, NZD
NGN, PEN
NGN, PHP
NGN, PLN
NGN, PTE
NGN, RON
NGN, RUB
NGN, SAR
NGN, SEK
NGN, SGD
NGN, SIT
NGN, SKK
NGN, THB
NGN, TRL
NGN, TRY
NGN, TWD
NGN, UAH
NGN, UYU
NGN, XAG
NGN, XAU
NGN, XPD
NGN, XPT
NGN, ZAR
NLG, ATS
NLG, AUD
NLG, BEF
NLG, CHF
NLG, DEM
NLG, ESP
NLG, EUR
NLG, FRF
NLG, GBP
NLG, ITL
NLG, JPY
NOK, AUD
NOK, BEF
NOK, CHF
NOK, DEM
NOK, DKK
NOK, ESP
NOK, FRF
NOK, GRD
NOK, ITL
NOK, JPY
NOK, NLG
NOK, PTE
NOK, SEK
NZD, ATS
NZD, BEF
NZD, CAD
NZD, CHF
NZD, DEM
NZD, DKK
NZD, ESP
NZD, FRF
NZD, GBP
NZD, GRD
NZD, ITL
NZD, JPY
NZD, NLG
NZD, NOK
NZD, PTE
NZD, SEK
NZD, USD
OMR, ADP
OMR, ARS
OMR, ATS
OMR, AUD
OMR, BEF
OMR, BMD
OMR, BRL
OMR, BWP
OMR, CAD
OMR, CHF
OMR, CLP
OMR, CNY
OMR, COP
OMR, CRC
OMR, CYP
OMR, CZK
OMR, DEM
OMR, DKK
OMR, DOP
OMR, EEK
OMR, EGP
OMR, ESP
OMR, EUR
OMR, FIM
OMR, FRF
OMR, GBP
OMR, GRD
OMR, HKD
OMR, HRK
OMR, HUF
OMR, IDR
OMR, IEP
OMR, ILS
OMR, INR
OMR, ISK
OMR, ITL
OMR, JOD
OMR, JPY
OMR, KRW
OMR, LKR
OMR, LTL
OMR, LUF
OMR, LVL
OMR, MAD
OMR, MXN
OMR, MYR
OMR, NAD
OMR, NGN
OMR, NLG
OMR, NOK
OMR, NZD
OMR, PEN
OMR, PHP
OMR, PLN
OMR, PTE
OMR, RON
OMR, RUB
OMR, SAR
OMR, SEK
OMR, SGD
OMR, SIT
OMR, SKK
OMR, THB
OMR, TRL
OMR, TRY
OMR, TWD
OMR, UAH
OMR, UYU
OMR, XAG
OMR, XAU
OMR, XPD
OMR, XPT
OMR, ZAR
PEN, ARS
PEN, ATS
PEN, AUD
PEN, BEF
PEN, BMD
PEN, BRL
PEN, BWP
PEN, CAD
PEN, CHF
PEN, CLP
PEN, CNY
PEN, COP
PEN, CRC
PEN, CYP
PEN, CZK
PEN, DEM
PEN, DKK
PEN, DOP
PEN, EGP
PEN, ESP
PEN, EUR
PEN, FIM
PEN, FRF
PEN, GBP
PEN, GRD
PEN, HKD
PEN, HUF
PEN, IDR
PEN, IEP
PEN, ILS
PEN, INR
PEN, ISK
PEN, ITL
PEN, JPY
PEN, KRW
PEN, LUF
PEN, MAD
PEN, MXN
PEN, MYR
PEN, NLG
PEN, NOK
PEN, NZD
PEN, PHP
PEN, PLN
PEN, PTE
PEN, RON
PEN, RUB
PEN, SAR
PEN, SEK
PEN, SGD
PEN, SIT
PEN, SKK
PEN, THB
PEN, TRL
PEN, TRY
PEN, TWD
PEN, UAH
PEN, UYU
PEN, XAG
PEN, XAU
PEN, XPD
PEN, XPT
PEN, ZAR
PHP, ARS
PHP, ATS
PHP, AUD
PHP, BEF
PHP, BRL
PHP, CAD
PHP, CHF
PHP, CLP
PHP, CNY
PHP, CZK
PHP, DEM
PHP, DKK
PHP, ESP
PHP, EUR
PHP, FIM
PHP, FRF
PHP, GBP
PHP, GRD
PHP, HKD
PHP, IEP
PHP, ILS
PHP, ITL
PHP, JPY
PHP, KRW
PHP, LUF
PHP, MXN
PHP, NLG
PHP, NOK
PHP, NZD
PHP, PLN
PHP, PTE
PHP, SEK
PHP, TRL
PHP, ZAR
PKR, ADP
PKR, ARS
PKR, ATS
PKR, AUD
PKR, BEF
PKR, BMD
PKR, BRL
PKR, BWP
PKR, CAD
PKR, CHF
PKR, CLP
PKR, CNY
PKR, COP
PKR, CRC
PKR, CYP
PKR, CZK
PKR, DEM
PKR, DKK
PKR, DOP
PKR, EEK
PKR, EGP
PKR, ESP
PKR, EUR
PKR, FIM
PKR, FRF
PKR, GBP
PKR, GRD
PKR, HKD
PKR, HRK
PKR, HUF
PKR, IDR
PKR, IEP
PKR, ILS
PKR, INR
PKR, ISK
PKR, ITL
PKR, JOD
PKR, JPY
PKR, KRW
PKR, LKR
PKR, LTL
PKR, LUF
PKR, LVL
PKR, MAD
PKR, MXN
PKR, MYR
PKR, NAD
PKR, NGN
PKR, NLG
PKR, NOK
PKR, NZD
PKR, OMR
PKR, PEN
PKR, PHP
PKR, PLN
PKR, PTE
PKR, RON
PKR, RUB
PKR, SAR
PKR, SEK
PKR, SGD
PKR, SIT
PKR, SKK
PKR, THB
PKR, TRL
PKR, TRY
PKR, TWD
PKR, UAH
PKR, UYU
PKR, XAG
PKR, XAU
PKR, XPD
PKR, XPT
PKR, ZAR
PLN, ATS
PLN, AUD
PLN, BEF
PLN, CAD
PLN, CHF
PLN, CZK
PLN, DEM
PLN, DKK
PLN, ESP
PLN, FIM
PLN, FRF
PLN, GBP
PLN, GRD
PLN, IEP
PLN, ITL
PLN, JPY
PLN, LUF
PLN, NLG
PLN, NOK
PLN, NZD
PLN, PTE
PLN, SEK
PLN, TRL
PLN, ZAR
PTE, ATS
PTE, AUD
PTE, BEF
PTE, CHF
PTE, DEM
PTE, DKK
PTE, ESP
PTE, EUR
PTE, FIM
PTE, FRF
PTE, GBP
PTE, ITL
PTE, JPY
PTE, NLG
QAR, ADP
QAR, AED
QAR, AFN
QAR, ARS
QAR, ATS
QAR, AUD
QAR, AZN
QAR, BDT
QAR, BEF
QAR, BGN
QAR, BMD
QAR, BRL
QAR, BWP
QAR, CAD
QAR, CHF
QAR, CLP
QAR, CNY
QAR, COP
QAR, CRC
QAR, CSD
QAR, CYP
QAR, CZK
QAR, DEM
QAR, DKK
QAR, DOP
QAR, EEK
QAR, EGP
QAR, ESP
QAR, EUR
QAR, FIM
QAR, FRF
QAR, GBP
QAR, GRD
QAR, HKD
QAR, HRK
QAR, HUF
QAR, IDR
QAR, IEP
QAR, ILS
QAR, INR
QAR, ISK
QAR, ITL
QAR, JOD
QAR, JPY
QAR, KRW
QAR, KZT
QAR, LKR
QAR, LTL
QAR, LUF
QAR, LVL
QAR, MAD
QAR, MVR
QAR, MXN
QAR, MYR
QAR, NAD
QAR, NGN
QAR, NLG
QAR, NOK
QAR, NZD
QAR, OMR
QAR, PEN
QAR, PHP
QAR, PKR
QAR, PLN
QAR, PTE
QAR, ROL
QAR, RON
QAR, RUB
QAR, SAR
QAR, SEK
QAR, SGD
QAR, SIT
QAR, SKK
QAR, THB
QAR, TND
QAR, TRL
QAR, TRY
QAR, TWD
QAR, TZS
QAR, UAH
QAR, UYU
QAR, VEB
QAR, VEF
QAR, XAF
QAR, XAG
QAR, XAU
QAR, XPD
QAR, XPT
QAR, ZAR
QAR, ZMK
ROL, ADP
ROL, ARS
ROL, ATS
ROL, AUD
ROL, BEF
ROL, BMD
ROL, BRL
ROL, BWP
ROL, CAD
ROL, CHF
ROL, CLP
ROL, CNY
ROL, COP
ROL, CRC
ROL, CYP
ROL, CZK
ROL, DEM
ROL, DKK
ROL, DOP
ROL, EEK
ROL, EGP
ROL, ESP
ROL, EUR
ROL, FIM
ROL, FRF
ROL, GBP
ROL, GRD
ROL, HKD
ROL, HRK
ROL, HUF
ROL, IDR
ROL, IEP
ROL, ILS
ROL, INR
ROL, ISK
ROL, ITL
ROL, JOD
ROL, JPY
ROL, KRW
ROL, LKR
ROL, LTL
ROL, LUF
ROL, LVL
ROL, MAD
ROL, MXN
ROL, MYR
ROL, NAD
ROL, NGN
ROL, NLG
ROL, NOK
ROL, NZD
ROL, OMR
ROL, PEN
ROL, PHP
ROL, PKR
ROL, PLN
ROL, PTE
ROL, RON
ROL, RUB
ROL, SAR
ROL, SEK
ROL, SGD
ROL, SIT
ROL, SKK
ROL, THB
ROL, TRL
ROL, TRY
ROL, TWD
ROL, UAH
ROL, UYU
ROL, XAG
ROL, XAU
ROL, XPD
ROL, XPT
ROL, ZAR
RON, ARS
RON, ATS
RON, AUD
RON, BEF
RON, BMD
RON, BRL
RON, BWP
RON, CAD
RON, CHF
RON, CLP
RON, CNY
RON, COP
RON, CRC
RON, CYP
RON, CZK
RON, DEM
RON, DKK
RON, DOP
RON, EGP
RON, ESP
RON, FIM
RON, FRF
RON, GBP
RON, GRD
RON, HKD
RON, HUF
RON, IDR
RON, IEP
RON, ILS
RON, INR
RON, ISK
RON, ITL
RON, JPY
RON, KRW
RON, LUF
RON, MAD
RON, MXN
RON, MYR
RON, NLG
RON, NOK
RON, NZD
RON, PHP
RON, PLN
RON, PTE
RON, RUB
RON, SAR
RON, SEK
RON, SGD
RON, SIT
RON, SKK
RON, THB
RON, TRL
RON, TRY
RON, TWD
RON, UAH
RON, UYU
RON, XAG
RON, XAU
RON, XPD
RON, XPT
RON, ZAR
RUB, ARS
RUB, ATS
RUB, AUD
RUB, BEF
RUB, BRL
RUB, CAD
RUB, CHF
RUB, CLP
RUB, CNY
RUB, CZK
RUB, DEM
RUB, DKK
RUB, ESP
RUB, FIM
RUB, FRF
RUB, GBP
RUB, GRD
RUB, HKD
RUB, HUF
RUB, IEP
RUB, ILS
RUB, ITL
RUB, JPY
RUB, KRW
RUB, LUF
RUB, MXN
RUB, NLG
RUB, NOK
RUB, NZD
RUB, PHP
RUB, PLN
RUB, PTE
RUB, SEK
RUB, SKK
RUB, THB
RUB, TRL
RUB, TWD
RUB, ZAR
SAR, ARS
SAR, ATS
SAR, AUD
SAR, BEF
SAR, BRL
SAR, CAD
SAR, CHF
SAR, CLP
SAR, CNY
SAR, CZK
SAR, DEM
SAR, DKK
SAR, ESP
SAR, EUR
SAR, FIM
SAR, FRF
SAR, GBP
SAR, GRD
SAR, HKD
SAR, HUF
SAR, IEP
SAR, ILS
SAR, ITL
SAR, JPY
SAR, KRW
SAR, LUF
SAR, MXN
SAR, NLG
SAR, NOK
SAR, NZD
SAR, PHP
SAR, PLN
SAR, PTE
SAR, RUB
SAR, SEK
SAR, SGD
SAR, SKK
SAR, THB
SAR, TRL
SAR, TWD
SAR, ZAR
SEK, AUD
SEK, BEF
SEK, CAD
SEK, CHF
SEK, ESP
SEK, FRF
SEK, GBP
SEK, ITL
SEK, JPY
SEK, NLG
SEK, PTE
SGD, ARS
SGD, ATS
SGD, AUD
SGD, BEF
SGD, BRL
SGD, CAD
SGD, CHF
SGD, CLP
SGD, CNY
SGD, CZK
SGD, DEM
SGD, DKK
SGD, ESP
SGD, EUR
SGD, FIM
SGD, FRF
SGD, GRD
SGD, HKD
SGD, HUF
SGD, IEP
SGD, ILS
SGD, ITL
SGD, JPY
SGD, KRW
SGD, LUF
SGD, MXN
SGD, NLG
SGD, NOK
SGD, NZD
SGD, PHP
SGD, PLN
SGD, PTE
SGD, RUB
SGD, SEK
SGD, SKK
SGD, THB
SGD, TRL
SGD, TWD
SGD, ZAR
SIT, ARS
SIT, ATS
SIT, AUD
SIT, BEF
SIT, BMD
SIT, BRL
SIT, BWP
SIT, CAD
SIT, CHF
SIT, CLP
SIT, CNY
SIT, COP
SIT, CRC
SIT, CYP
SIT, CZK
SIT, DEM
SIT, DKK
SIT, DOP
SIT, EGP
SIT, ESP
SIT, EUR
SIT, FIM
SIT, FRF
SIT, GBP
SIT, GRD
SIT, HKD
SIT, HUF
SIT, IDR
SIT, IEP
SIT, ILS
SIT, INR
SIT, ISK
SIT, ITL
SIT, JPY
SIT, KRW
SIT, LUF
SIT, MAD
SIT, MXN
SIT, MYR
SIT, NLG
SIT, NOK
SIT, NZD
SIT, PHP
SIT, PLN
SIT, PTE
SIT, RUB
SIT, SAR
SIT, SEK
SIT, SGD
SIT, SKK
SIT, THB
SIT, TRL
SIT, TRY
SIT, TWD
SIT, UAH
SIT, UYU
SIT, XAG
SIT, XAU
SIT, XPD
SIT, XPT
SIT, ZAR
SKK, ARS
SKK, ATS
SKK, AUD
SKK, BEF
SKK, BRL
SKK, CAD
SKK, CHF
SKK, CLP
SKK, CNY
SKK, CZK
SKK, DEM
SKK, DKK
SKK, ESP
SKK, FIM
SKK, FRF
SKK, GBP
SKK, GRD
SKK, HKD
SKK, IEP
SKK, ILS
SKK, ITL
SKK, JPY
SKK, KRW
SKK, LUF
SKK, MXN
SKK, NLG
SKK, NOK
SKK, NZD
SKK, PHP
SKK, PLN
SKK, PTE
SKK, SEK
SKK, THB
SKK, TRL
SKK, TWD
SKK, ZAR
THB, ARS
THB, ATS
THB, AUD
THB, BEF
THB, BRL
THB, CAD
THB, CHF
THB, CLP
THB, CNY
THB, CZK
THB, DEM
THB, DKK
THB, ESP
THB, EUR
THB, FIM
THB, FRF
THB, GBP
THB, GRD
THB, HKD
THB, IEP
THB, ILS
THB, ITL
THB, JPY
THB, KRW
THB, LUF
THB, MXN
THB, NLG
THB, NOK
THB, NZD
THB, PHP
THB, PLN
THB, PTE
THB, SEK
THB, TRL
THB, TWD
THB, ZAR
TND, ADP
TND, ARS
TND, ATS
TND, AUD
TND, BEF
TND, BMD
TND, BRL
TND, BWP
TND, CAD
TND, CHF
TND, CLP
TND, CNY
TND, COP
TND, CRC
TND, CYP
TND, CZK
TND, DEM
TND, DKK
TND, DOP
TND, EEK
TND, EGP
TND, ESP
TND, EUR
TND, FIM
TND, FRF
TND, GBP
TND, GRD
TND, HKD
TND, HRK
TND, HUF
TND, IDR
TND, IEP
TND, ILS
TND, INR
TND, ISK
TND, ITL
TND, JOD
TND, JPY
TND, KRW
TND, LKR
TND, LTL
TND, LUF
TND, LVL
TND, MAD
TND, MXN
TND, MYR
TND, NAD
TND, NGN
TND, NLG
TND, NOK
TND, NZD
TND, OMR
TND, PEN
TND, PHP
TND, PKR
TND, PLN
TND, PTE
TND, ROL
TND, RON
TND, RUB
TND, SAR
TND, SEK
TND, SGD
TND, SIT
TND, SKK
TND, THB
TND, TRL
TND, TRY
TND, TWD
TND, UAH
TND, UYU
TND, XAG
TND, XAU
TND, XPD
TND, XPT
TND, ZAR
TRL, ATS
TRL, AUD
TRL, BEF
TRL, CAD
TRL, CHF
TRL, CZK
TRL, DEM
TRL, DKK
TRL, ESP
TRL, EUR
TRL, FIM
TRL, FRF
TRL, GBP
TRL, GRD
TRL, IEP
TRL, ITL
TRL, JPY
TRL, LUF
TRL, NLG
TRL, NOK
TRL, NZD
TRL, PTE
TRL, SEK
TRL, ZAR
TRY, ARS
TRY, ATS
TRY, AUD
TRY, BEF
TRY, BRL
TRY, CAD
TRY, CLP
TRY, CNY
TRY, CZK
TRY, DEM
TRY, DKK
TRY, ESP
TRY, FIM
TRY, FRF
TRY, GRD
TRY, HKD
TRY, HUF
TRY, IDR
TRY, IEP
TRY, ILS
TRY, INR
TRY, ITL
TRY, JPY
TRY, KRW
TRY, LUF
TRY, MXN
TRY, MYR
TRY, NLG
TRY, NOK
TRY, NZD
TRY, PHP
TRY, PLN
TRY, PTE
TRY, RUB
TRY, SAR
TRY, SEK
TRY, SGD
TRY, SKK
TRY, THB
TRY, TRL
TRY, TWD
TRY, UAH
TRY, UYU
TRY, XAG
TRY, XAU
TRY, XPD
TRY, XPT
TRY, ZAR
TWD, ARS
TWD, ATS
TWD, AUD
TWD, BEF
TWD, BRL
TWD, CAD
TWD, CHF
TWD, CLP
TWD, CNY
TWD, CZK
TWD, DEM
TWD, DKK
TWD, ESP
TWD, EUR
TWD, FIM
TWD, FRF
TWD, GBP
TWD, GRD
TWD, HKD
TWD, IEP
TWD, ILS
TWD, ITL
TWD, JPY
TWD, KRW
TWD, LUF
TWD, MXN
TWD, NLG
TWD, NOK
TWD, NZD
TWD, PHP
TWD, PLN
TWD, PTE
TWD, SEK
TWD, TRL
TWD, ZAR
TZS, ADP
TZS, ARS
TZS, ATS
TZS, AUD
TZS, BEF
TZS, BGN
TZS, BMD
TZS, BRL
TZS, BWP
TZS, CAD
TZS, CHF
TZS, CLP
TZS, CNY
TZS, COP
TZS, CRC
TZS, CYP
TZS, CZK
TZS, DEM
TZS, DKK
TZS, DOP
TZS, EEK
TZS, EGP
TZS, ESP
TZS, EUR
TZS, FIM
TZS, FRF
TZS, GBP
TZS, GRD
TZS, HKD
TZS, HRK
TZS, HUF
TZS, IDR
TZS, IEP
TZS, ILS
TZS, INR
TZS, ISK
TZS, ITL
TZS, JOD
TZS, JPY
TZS, KRW
TZS, LKR
TZS, LTL
TZS, LUF
TZS, LVL
TZS, MAD
TZS, MXN
TZS, MYR
TZS, NAD
TZS, NGN
TZS, NLG
TZS, NOK
TZS, NZD
TZS, OMR
TZS, PEN
TZS, PHP
TZS, PKR
TZS, PLN
TZS, PTE
TZS, ROL
TZS, RON
TZS, RUB
TZS, SAR
TZS, SEK
TZS, SGD
TZS, SIT
TZS, SKK
TZS, THB
TZS, TND
TZS, TRL
TZS, TRY
TZS, TWD
TZS, UAH
TZS, UYU
TZS, VEB
TZS, XAG
TZS, XAU
TZS, XPD
TZS, XPT
TZS, ZAR
TZS, ZMK
UAH, ARS
UAH, ATS
UAH, AUD
UAH, BEF
UAH, BRL
UAH, CAD
UAH, CHF
UAH, CLP
UAH, CNY
UAH, CZK
UAH, DEM
UAH, DKK
UAH, ESP
UAH, EUR
UAH, FIM
UAH, FRF
UAH, GBP
UAH, GRD
UAH, HKD
UAH, HUF
UAH, IDR
UAH, IEP
UAH, ILS
UAH, INR
UAH, ITL
UAH, JPY
UAH, KRW
UAH, LUF
UAH, MXN
UAH, MYR
UAH, NLG
UAH, NOK
UAH, NZD
UAH, PHP
UAH, PLN
UAH, PTE
UAH, RUB
UAH, SAR
UAH, SEK
UAH, SGD
UAH, SKK
UAH, THB
UAH, TRL
UAH, TWD
UAH, UYU
UAH, XAU
UAH, XPD
UAH, XPT
UAH, ZAR
USD, ADP
USD, AED
USD, AFN
USD, ARS
USD, ATS
USD, BDT
USD, BEF
USD, BGN
USD, BMD
USD, BRL
USD, BWP
USD, CAD
USD, CHF
USD, CLP
USD, CNH
USD, CNY
USD, COP
USD, CRC
USD, CSD
USD, CYP
USD, CZK
USD, DEM
USD, DKK
USD, DOP
USD, EEK
USD, EGP
USD, ESP
USD, FIM
USD, FRF
USD, GRD
USD, HKD
USD, HRK
USD, HUF
USD, IDR
USD, IEP
USD, ILS
USD, INR
USD, ISK
USD, ITL
USD, JOD
USD, JPY
USD, KRW
USD, KZT
USD, LKR
USD, LTL
USD, LUF
USD, LVL
USD, MAD
USD, MVR
USD, MXN
USD, MYR
USD, NAD
USD, NGN
USD, NLG
USD, NOK
USD, OMR
USD, PEN
USD, PHP
USD, PKR
USD, PLN
USD, PTE
USD, QAR
USD, ROL
USD, RON
USD, RUB
USD, SAR
USD, SEK
USD, SGD
USD, SIT
USD, SKK
USD, THB
USD, TND
USD, TRL
USD, TRY
USD, TWD
USD, TZS
USD, UAH
USD, UYU
USD, VEB
USD, XAF
USD, XAL
USD, XCU
USD, XNI
USD, XPB
USD, XPD
USD, XSN
USD, XZN
USD, ZAR
USD, ZMK
UYU, ARS
UYU, ATS
UYU, AUD
UYU, BEF
UYU, BRL
UYU, CAD
UYU, CHF
UYU, CLP
UYU, CNY
UYU, CZK
UYU, DEM
UYU, DKK
UYU, ESP
UYU, EUR
UYU, FIM
UYU, FRF
UYU, GBP
UYU, GRD
UYU, HKD
UYU, HUF
UYU, IEP
UYU, ILS
UYU, ITL
UYU, JPY
UYU, KRW
UYU, LUF
UYU, MXN
UYU, NLG
UYU, NOK
UYU, NZD
UYU, PHP
UYU, PLN
UYU, PTE
UYU, RUB
UYU, SAR
UYU, SEK
UYU, SGD
UYU, SKK
UYU, THB
UYU, TRL
UYU, TWD
UYU, ZAR
VEB, ADP
VEB, ARS
VEB, ATS
VEB, AUD
VEB, BEF
VEB, BMD
VEB, BRL
VEB, BWP
VEB, CAD
VEB, CHF
VEB, CLP
VEB, CNY
VEB, COP
VEB, CRC
VEB, CYP
VEB, CZK
VEB, DEM
VEB, DKK
VEB, DOP
VEB, EEK
VEB, EGP
VEB, ESP
VEB, EUR
VEB, FIM
VEB, FRF
VEB, GBP
VEB, GRD
VEB, HKD
VEB, HRK
VEB, HUF
VEB, IDR
VEB, IEP
VEB, ILS
VEB, INR
VEB, ISK
VEB, ITL
VEB, JOD
VEB, JPY
VEB, KRW
VEB, LKR
VEB, LTL
VEB, LUF
VEB, LVL
VEB, MAD
VEB, MXN
VEB, MYR
VEB, NAD
VEB, NGN
VEB, NLG
VEB, NOK
VEB, NZD
VEB, OMR
VEB, PEN
VEB, PHP
VEB, PKR
VEB, PLN
VEB, PTE
VEB, ROL
VEB, RON
VEB, RUB
VEB, SAR
VEB, SEK
VEB, SGD
VEB, SIT
VEB, SKK
VEB, THB
VEB, TND
VEB, TRL
VEB, TRY
VEB, TWD
VEB, UAH
VEB, UYU
VEB, XAG
VEB, XAU
VEB, XPD
VEB, XPT
VEB, ZAR
VEB, ZMK
VEF, ADP
VEF, AED
VEF, AFN
VEF, ARS
VEF, ATS
VEF, AUD
VEF, AZN
VEF, BDT
VEF, BEF
VEF, BGN
VEF, BMD
VEF, BRL
VEF, BWP
VEF, CAD
VEF, CHF
VEF, CLP
VEF, CNY
VEF, COP
VEF, CRC
VEF, CSD
VEF, CYP
VEF, CZK
VEF, DEM
VEF, DKK
VEF, DOP
VEF, EEK
VEF, EGP
VEF, ESP
VEF, EUR
VEF, FIM
VEF, FRF
VEF, GBP
VEF, GRD
VEF, HKD
VEF, HRK
VEF, HUF
VEF, IDR
VEF, IEP
VEF, ILS
VEF, INR
VEF, ISK
VEF, ITL
VEF, JOD
VEF, JPY
VEF, KRW
VEF, KZT
VEF, LKR
VEF, LTL
VEF, LUF
VEF, LVL
VEF, MAD
VEF, MVR
VEF, MXN
VEF, MYR
VEF, NAD
VEF, NGN
VEF, NLG
VEF, NOK
VEF, NZD
VEF, OMR
VEF, PEN
VEF, PHP
VEF, PKR
VEF, PLN
VEF, PTE
VEF, ROL
VEF, RON
VEF, RUB
VEF, SAR
VEF, SEK
VEF, SGD
VEF, SIT
VEF, SKK
VEF, THB
VEF, TND
VEF, TRL
VEF, TRY
VEF, TWD
VEF, TZS
VEF, UAH
VEF, USD
VEF, UYU
VEF, VEB
VEF, XAF
VEF, XAG
VEF, XAU
VEF, XPD
VEF, XPT
VEF, ZAR
VEF, ZMK
XAF, ADP
XAF, AFN
XAF, ARS
XAF, ATS
XAF, AUD
XAF, AZN
XAF, BDT
XAF, BEF
XAF, BGN
XAF, BMD
XAF, BRL
XAF, BWP
XAF, CAD
XAF, CHF
XAF, CLP
XAF, CNY
XAF, COP
XAF, CRC
XAF, CSD
XAF, CYP
XAF, CZK
XAF, DEM
XAF, DKK
XAF, DOP
XAF, EEK
XAF, EGP
XAF, ESP
XAF, EUR
XAF, FIM
XAF, FRF
XAF, GBP
XAF, GRD
XAF, HKD
XAF, HRK
XAF, HUF
XAF, IDR
XAF, IEP
XAF, ILS
XAF, INR
XAF, ISK
XAF, ITL
XAF, JOD
XAF, JPY
XAF, KRW
XAF, KZT
XAF, LKR
XAF, LTL
XAF, LUF
XAF, LVL
XAF, MAD
XAF, MVR
XAF, MXN
XAF, MYR
XAF, NAD
XAF, NGN
XAF, NLG
XAF, NOK
XAF, NZD
XAF, OMR
XAF, PEN
XAF, PHP
XAF, PKR
XAF, PLN
XAF, PTE
XAF, ROL
XAF, RON
XAF, RUB
XAF, SAR
XAF, SEK
XAF, SGD
XAF, SIT
XAF, SKK
XAF, THB
XAF, TND
XAF, TRL
XAF, TRY
XAF, TWD
XAF, TZS
XAF, UAH
XAF, UYU
XAF, VEB
XAF, XAG
XAF, XAU
XAF, XPD
XAF, XPT
XAF, ZAR
XAF, ZMK
XAG, ARS
XAG, ATS
XAG, AUD
XAG, BEF
XAG, BRL
XAG, CAD
XAG, CHF
XAG, CLP
XAG, CNY
XAG, CZK
XAG, DEM
XAG, DKK
XAG, ESP
XAG, EUR
XAG, FIM
XAG, FRF
XAG, GBP
XAG, GRD
XAG, HKD
XAG, HUF
XAG, IDR
XAG, IEP
XAG, ILS
XAG, INR
XAG, ITL
XAG, JPY
XAG, KRW
XAG, LUF
XAG, MXN
XAG, MYR
XAG, NLG
XAG, NOK
XAG, NZD
XAG, PHP
XAG, PLN
XAG, PTE
XAG, RUB
XAG, SAR
XAG, SEK
XAG, SGD
XAG, SKK
XAG, THB
XAG, TRL
XAG, TWD
XAG, UAH
XAG, USD
XAG, UYU
XAG, XAU
XAG, XPD
XAG, XPT
XAG, ZAR
XAL, ADP
XAL, AED
XAL, AFN
XAL, ARS
XAL, ATS
XAL, AUD
XAL, AZN
XAL, BDT
XAL, BEF
XAL, BGN
XAL, BMD
XAL, BRL
XAL, BWP
XAL, CAD
XAL, CHF
XAL, CLP
XAL, CNY
XAL, COP
XAL, CRC
XAL, CSD
XAL, CYP
XAL, CZK
XAL, DEM
XAL, DKK
XAL, DOP
XAL, EEK
XAL, EGP
XAL, ESP
XAL, EUR
XAL, FIM
XAL, FRF
XAL, GBP
XAL, GRD
XAL, HKD
XAL, HRK
XAL, HUF
XAL, IDR
XAL, IEP
XAL, ILS
XAL, INR
XAL, ISK
XAL, ITL
XAL, JOD
XAL, JPY
XAL, KRW
XAL, KZT
XAL, LKR
XAL, LTL
XAL, LUF
XAL, LVL
XAL, MAD
XAL, MVR
XAL, MXN
XAL, MYR
XAL, NAD
XAL, NGN
XAL, NLG
XAL, NOK
XAL, NZD
XAL, OMR
XAL, PEN
XAL, PHP
XAL, PKR
XAL, PLN
XAL, PTE
XAL, QAR
XAL, ROL
XAL, RON
XAL, RUB
XAL, SAR
XAL, SEK
XAL, SGD
XAL, SIT
XAL, SKK
XAL, THB
XAL, TND
XAL, TRL
XAL, TRY
XAL, TWD
XAL, TZS
XAL, UAH
XAL, UYU
XAL, VEB
XAL, VEF
XAL, XAF
XAL, XAG
XAL, XAU
XAL, XPD
XAL, XPT
XAL, ZAR
XAL, ZMK
XAU, ARS
XAU, ATS
XAU, AUD
XAU, BEF
XAU, BRL
XAU, CAD
XAU, CHF
XAU, CLP
XAU, CNY
XAU, CZK
XAU, DEM
XAU, DKK
XAU, ESP
XAU, EUR
XAU, FIM
XAU, FRF
XAU, GBP
XAU, GRD
XAU, HKD
XAU, HUF
XAU, IDR
XAU, IEP
XAU, ILS
XAU, INR
XAU, ITL
XAU, JPY
XAU, KRW
XAU, LUF
XAU, MXN
XAU, MYR
XAU, NLG
XAU, NOK
XAU, NZD
XAU, PHP
XAU, PLN
XAU, PTE
XAU, RUB
XAU, SAR
XAU, SEK
XAU, SGD
XAU, SKK
XAU, THB
XAU, TRL
XAU, TWD
XAU, USD
XAU, UYU
XAU, XPD
XAU, ZAR
XCU, ADP
XCU, AED
XCU, AFN
XCU, ARS
XCU, ATS
XCU, AUD
XCU, AZN
XCU, BDT
XCU, BEF
XCU, BGN
XCU, BMD
XCU, BRL
XCU, BWP
XCU, CAD
XCU, CHF
XCU, CLP
XCU, CNY
XCU, COP
XCU, CRC
XCU, CSD
XCU, CYP
XCU, CZK
XCU, DEM
XCU, DKK
XCU, DOP
XCU, EEK
XCU, EGP
XCU, ESP
XCU, EUR
XCU, FIM
XCU, FRF
XCU, GBP
XCU, GRD
XCU, HKD
XCU, HRK
XCU, HUF
XCU, IDR
XCU, IEP
XCU, ILS
XCU, INR
XCU, ISK
XCU, ITL
XCU, JOD
XCU, JPY
XCU, KRW
XCU, KZT
XCU, LKR
XCU, LTL
XCU, LUF
XCU, LVL
XCU, MAD
XCU, MVR
XCU, MXN
XCU, MYR
XCU, NAD
XCU, NGN
XCU, NLG
XCU, NOK
XCU, NZD
XCU, OMR
XCU, PEN
XCU, PHP
XCU, PKR
XCU, PLN
XCU, PTE
XCU, QAR
XCU, ROL
XCU, RON
XCU, RUB
XCU, SAR
XCU, SEK
XCU, SGD
XCU, SIT
XCU, SKK
XCU, THB
XCU, TND
XCU, TRL
XCU, TRY
XCU, TWD
XCU, TZS
XCU, UAH
XCU, UYU
XCU, VEB
XCU, VEF
XCU, XAF
XCU, XAG
XCU, XAL
XCU, XAU
XCU, XPD
XCU, XPT
XCU, ZAR
XCU, ZMK
XNI, ADP
XNI, AED
XNI, AFN
XNI, ARS
XNI, ATS
XNI, AUD
XNI, AZN
XNI, BDT
XNI, BEF
XNI, BGN
XNI, BMD
XNI, BRL
XNI, BWP
XNI, CAD
XNI, CHF
XNI, CLP
XNI, CNY
XNI, COP
XNI, CRC
XNI, CSD
XNI, CYP
XNI, CZK
XNI, DEM
XNI, DKK
XNI, DOP
XNI, EEK
XNI, EGP
XNI, ESP
XNI, EUR
XNI, FIM
XNI, FRF
XNI, GBP
XNI, GRD
XNI, HKD
XNI, HRK
XNI, HUF
XNI, IDR
XNI, IEP
XNI, ILS
XNI, INR
XNI, ISK
XNI, ITL
XNI, JOD
XNI, JPY
XNI, KRW
XNI, KZT
XNI, LKR
XNI, LTL
XNI, LUF
XNI, LVL
XNI, MAD
XNI, MVR
XNI, MXN
XNI, MYR
XNI, NAD
XNI, NGN
XNI, NLG
XNI, NOK
XNI, NZD
XNI, OMR
XNI, PEN
XNI, PHP
XNI, PKR
XNI, PLN
XNI, PTE
XNI, QAR
XNI, ROL
XNI, RON
XNI, RUB
XNI, SAR
XNI, SEK
XNI, SGD
XNI, SIT
XNI, SKK
XNI, THB
XNI, TND
XNI, TRL
XNI, TRY
XNI, TWD
XNI, TZS
XNI, UAH
XNI, UYU
XNI, VEB
XNI, VEF
XNI, XAF
XNI, XAG
XNI, XAL
XNI, XAU
XNI, XCU
XNI, XPD
XNI, XPT
XNI, ZAR
XNI, ZMK
XPB, ADP
XPB, AED
XPB, AFN
XPB, ARS
XPB, ATS
XPB, AUD
XPB, AZN
XPB, BDT
XPB, BEF
XPB, BGN
XPB, BMD
XPB, BRL
XPB, BWP
XPB, CAD
XPB, CHF
XPB, CLP
XPB, CNY
XPB, COP
XPB, CRC
XPB, CSD
XPB, CYP
XPB, CZK
XPB, DEM
XPB, DKK
XPB, DOP
XPB, EEK
XPB, EGP
XPB, ESP
XPB, EUR
XPB, FIM
XPB, FRF
XPB, GBP
XPB, GRD
XPB, HKD
XPB, HRK
XPB, HUF
XPB, IDR
XPB, IEP
XPB, ILS
XPB, INR
XPB, ISK
XPB, ITL
XPB, JOD
XPB, JPY
XPB, KRW
XPB, KZT
XPB, LKR
XPB, LTL
XPB, LUF
XPB, LVL
XPB, MAD
XPB, MVR
XPB, MXN
XPB, MYR
XPB, NAD
XPB, NGN
XPB, NLG
XPB, NOK
XPB, NZD
XPB, OMR
XPB, PEN
XPB, PHP
XPB, PKR
XPB, PLN
XPB, PTE
XPB, QAR
XPB, ROL
XPB, RON
XPB, RUB
XPB, SAR
XPB, SEK
XPB, SGD
XPB, SIT
XPB, SKK
XPB, THB
XPB, TND
XPB, TRL
XPB, TRY
XPB, TWD
XPB, TZS
XPB, UAH
XPB, UYU
XPB, VEB
XPB, VEF
XPB, XAF
XPB, XAG
XPB, XAL
XPB, XAU
XPB, XCU
XPB, XNI
XPB, XPD
XPB, XPT
XPB, XSN
XPB, XZN
XPB, ZAR
XPB, ZMK
XPD, ARS
XPD, ATS
XPD, AUD
XPD, BEF
XPD, BRL
XPD, CAD
XPD, CHF
XPD, CLP
XPD, CNY
XPD, CZK
XPD, DEM
XPD, DKK
XPD, ESP
XPD, EUR
XPD, FIM
XPD, FRF
XPD, GBP
XPD, GRD
XPD, HKD
XPD, HUF
XPD, IDR
XPD, IEP
XPD, ILS
XPD, INR
XPD, ITL
XPD, JPY
XPD, KRW
XPD, LUF
XPD, MXN
XPD, NLG
XPD, NOK
XPD, NZD
XPD, PHP
XPD, PLN
XPD, PTE
XPD, RUB
XPD, SAR
XPD, SEK
XPD, SGD
XPD, SKK
XPD, THB
XPD, TRL
XPD, TWD
XPD, UYU
XPD, ZAR
XPT, ARS
XPT, ATS
XPT, AUD
XPT, BEF
XPT, BRL
XPT, CAD
XPT, CHF
XPT, CLP
XPT, CNY
XPT, CZK
XPT, DEM
XPT, DKK
XPT, ESP
XPT, EUR
XPT, FIM
XPT, FRF
XPT, GBP
XPT, GRD
XPT, HKD
XPT, HUF
XPT, IDR
XPT, IEP
XPT, ILS
XPT, INR
XPT, ITL
XPT, JPY
XPT, KRW
XPT, LUF
XPT, MXN
XPT, MYR
XPT, NLG
XPT, NOK
XPT, NZD
XPT, PHP
XPT, PLN
XPT, PTE
XPT, RUB
XPT, SAR
XPT, SEK
XPT, SGD
XPT, SKK
XPT, THB
XPT, TRL
XPT, TWD
XPT, USD
XPT, UYU
XPT, XAU
XPT, XPD
XPT, ZAR
XSN, ADP
XSN, AED
XSN, AFN
XSN, ARS
XSN, ATS
XSN, AUD
XSN, AZN
XSN, BDT
XSN, BEF
XSN, BGN
XSN, BMD
XSN, BRL
XSN, BWP
XSN, CAD
XSN, CHF
XSN, CLP
XSN, CNY
XSN, COP
XSN, CRC
XSN, CSD
XSN, CYP
XSN, CZK
XSN, DEM
XSN, DKK
XSN, DOP
XSN, EEK
XSN, EGP
XSN, ESP
XSN, EUR
XSN, FIM
XSN, FRF
XSN, GBP
XSN, GRD
XSN, HKD
XSN, HRK
XSN, HUF
XSN, IDR
XSN, IEP
XSN, ILS
XSN, INR
XSN, ISK
XSN, ITL
XSN, JOD
XSN, JPY
XSN, KRW
XSN, KZT
XSN, LKR
XSN, LTL
XSN, LUF
XSN, LVL
XSN, MAD
XSN, MVR
XSN, MXN
XSN, MYR
XSN, NAD
XSN, NGN
XSN, NLG
XSN, NOK
XSN, NZD
XSN, OMR
XSN, PEN
XSN, PHP
XSN, PKR
XSN, PLN
XSN, PTE
XSN, QAR
XSN, ROL
XSN, RON
XSN, RUB
XSN, SAR
XSN, SEK
XSN, SGD
XSN, SIT
XSN, SKK
XSN, THB
XSN, TND
XSN, TRL
XSN, TRY
XSN, TWD
XSN, TZS
XSN, UAH
XSN, UYU
XSN, VEB
XSN, VEF
XSN, XAF
XSN, XAG
XSN, XAL
XSN, XAU
XSN, XCU
XSN, XNI
XSN, XPD
XSN, XPT
XSN, ZAR
XSN, ZMK
XZN, ADP
XZN, AED
XZN, AFN
XZN, ARS
XZN, ATS
XZN, AUD
XZN, AZN
XZN, BDT
XZN, BEF
XZN, BGN
XZN, BMD
XZN, BRL
XZN, BWP
XZN, CAD
XZN, CHF
XZN, CLP
XZN, CNY
XZN, COP
XZN, CRC
XZN, CSD
XZN, CYP
XZN, CZK
XZN, DEM
XZN, DKK
XZN, DOP
XZN, EEK
XZN, EGP
XZN, ESP
XZN, EUR
XZN, FIM
XZN, FRF
XZN, GBP
XZN, GRD
XZN, HKD
XZN, HRK
XZN, HUF
XZN, IDR
XZN, IEP
XZN, ILS
XZN, INR
XZN, ISK
XZN, ITL
XZN, JOD
XZN, JPY
XZN, KRW
XZN, KZT
XZN, LKR
XZN, LTL
XZN, LUF
XZN, LVL
XZN, MAD
XZN, MVR
XZN, MXN
XZN, MYR
XZN, NAD
XZN, NGN
XZN, NLG
XZN, NOK
XZN, NZD
XZN, OMR
XZN, PEN
XZN, PHP
XZN, PKR
XZN, PLN
XZN, PTE
XZN, QAR
XZN, ROL
XZN, RON
XZN, RUB
XZN, SAR
XZN, SEK
XZN, SGD
XZN, SIT
XZN, SKK
XZN, THB
XZN, TND
XZN, TRL
XZN, TRY
XZN, TWD
XZN, TZS
XZN, UAH
XZN, UYU
XZN, VEB
XZN, VEF
XZN, XAF
XZN, XAG
XZN, XAL
XZN, XAU
XZN, XCU
XZN, XNI
XZN, XPD
XZN, XPT
XZN, XSN
XZN, ZAR
XZN, ZMK
ZAR, ATS
ZAR, AUD
ZAR, BEF
ZAR, CAD
ZAR, CHF
ZAR, DEM
ZAR, DKK
ZAR, ESP
ZAR, FRF
ZAR, GRD
ZAR, ITL
ZAR, JPY
ZAR, NLG
ZAR, NOK
ZAR, NZD
ZAR, PTE
ZAR, SEK
ZMK, ADP
ZMK, ARS
ZMK, ATS
ZMK, AUD
ZMK, BEF
ZMK, BMD
ZMK, BRL
ZMK, BWP
ZMK, CAD
ZMK, CHF
ZMK, CLP
ZMK, CNY
ZMK, COP
ZMK, CRC
ZMK, CYP
ZMK, CZK
ZMK, DEM
ZMK, DKK
ZMK, DOP
ZMK, EEK
ZMK, EGP
ZMK, ESP
ZMK, EUR
ZMK, FIM
ZMK, FRF
ZMK, GBP
ZMK, GRD
ZMK, HKD
ZMK, HRK
ZMK, HUF
ZMK, IDR
ZMK, IEP
ZMK, ILS
ZMK, INR
ZMK, ISK
ZMK, ITL
ZMK, JOD
ZMK, JPY
ZMK, KRW
ZMK, LKR
ZMK, LTL
ZMK, LUF
ZMK, LVL
ZMK, MAD
ZMK, MXN
ZMK, MYR
ZMK, NAD
ZMK, NGN
ZMK, NLG
ZMK, NOK
ZMK, NZD
ZMK, OMR
ZMK, PEN
ZMK, PHP
ZMK, PKR
ZMK, PLN
ZMK, PTE
ZMK, ROL
ZMK, RON
ZMK, RUB
ZMK, SAR
ZMK, SEK
ZMK, SGD
ZMK, SIT
ZMK, SKK
ZMK, THB
ZMK, TND
ZMK, TRL
ZMK, TRY
ZMK, TWD
ZMK, UAH
ZMK, UYU
ZMK, XAG
ZMK, XAU
ZMK, XPD
ZMK, XPT
ZMK, ZAR