CompanyName,Currency,Exchange,ExchangeCode,GisCode,Isin,Cusip,Ticker
"HOME DEPOT INC",USD,"NEW YORK STOCK EXCHANGE INC.",XNYS,25504030,US4370761029,437076102,HD
"AIRGAS INC",USD,"NEW YORK STOCK EXCHANGE INC.",XNYS,15101040,US0093631028,009363102,ARG
"INTERPUBLIC GROUP OF COS INC",USD,"NEW YORK STOCK EXCHANGE INC.",XNYS,25401010,US4606901001,460690100,IPG
"REPUBLIC SERVICES INC",USD,"NEW YORK STOCK EXCHANGE INC.",XNYS,20201050,US7607591002,760759100,RSG
"MACY'S INC",USD,"NEW YORK STOCK EXCHANGE INC.",XNYS,25503010,US55616P1049,55616P104,M
"LEGGETT & PLATT INC",USD,"NEW YORK STOCK EXCHANGE INC.",XNYS,25201020,US5246601075,524660107,LEG
"THERMO FISHER SCIENTIFIC INC",USD,"NEW YORK STOCK EXCHANGE INC.",XNYS,35203010,US8835561023,883556102,TMO
"GANNETT CO",USD,"NEW YORK STOCK EXCHANGE INC.",XNYS,25401040,US3647301015,364730101,GCI
"ASSURANT INC",USD,"NEW YORK STOCK EXCHANGE INC.",XNYS,40301030,US04621X1081,04621X108,AIZ
"MOTOROLA INC",USD,"NEW YORK STOCK EXCHANGE INC.",XNYS,45201020,US6200761095,620076109,MOT
"E*TRADE FINANCIAL CORP",USD,"NASDAQ/NGS (GLOBAL SELECT MARKET)",XNGS,40203020,US2692464017,269246401,ETFC
"GENUINE PARTS CO",USD,"NEW YORK STOCK EXCHANGE INC.",XNYS,25501010,US3724601055,372460105,GPC
"NEWELL RUBBERMAID INC",USD,"NEW YORK STOCK EXCHANGE INC.",XNYS,25201050,US6512291062,651229106,NWL
"CONSOLIDATED EDISON INC",USD,"NEW YORK STOCK EXCHANGE INC.",XNYS,55103010,US2091151041,209115104,ED
"LEUCADIA NATIONAL CORP",USD,"NEW YORK STOCK EXCHANGE INC.",XNYS,40201030,US5272881047,527288104,LUK
"YAHOO! INC",USD,"NASDAQ/NGS (GLOBAL SELECT MARKET)",XNGS,45101010,US9843321061,984332106,YHOO
"SEARS HOLDINGS CORP",USD,"NASDAQ/NGS (GLOBAL SELECT MARKET)",XNGS,25503010,US8123501061,812350106,SHLD
"AETNA INC",USD,"NEW YORK STOCK EXCHANGE INC.",XNYS,35102030,US00817Y1082,00817Y108,AET
"DUN & BRADSTREET CORP",USD,"NEW YORK STOCK EXCHANGE INC.",XNYS,20202020,US26483E1001,26483E100,DNB
"ABERCROMBIE & FITCH CO-CL A",USD,"NEW YORK STOCK EXCHANGE INC.",XNYS,25504010,US0028962076,002896207,ANF
"COACH INC",USD,"NEW YORK STOCK EXCHANGE INC.",XNYS,25203010,US1897541041,189754104,COH
"SOUTHWEST AIRLINES CO",USD,"NEW YORK STOCK EXCHANGE INC.",XNYS,20302010,US8447411088,844741108,LUV
"LINEAR TECHNOLOGY CORP",USD,"NASDAQ/NGS (GLOBAL SELECT MARKET)",XNGS,45301020,US5356781063,535678106,LLTC
"YUM! BRANDS INC",USD,"NEW YORK STOCK EXCHANGE INC.",XNYS,25301040,US9884981013,988498101,YUM
"NEXTERA ENERGY INC",USD,"NEW YORK STOCK EXCHANGE INC.",XNYS,55101010,US65339F1012,65339F101,NEE
"SPRINT NEXTEL CORP",USD,"NEW YORK STOCK EXCHANGE INC.",XNYS,50102010,US8520611000,852061100,S
"MOODY'S CORP",USD,"NEW YORK STOCK EXCHANGE INC.",XNYS,40201040,US6153691059,615369105,MCO
"COCA-COLA CO/THE",USD,"NEW YORK STOCK EXCHANGE INC.",XNYS,30201030,US1912161007,191216100,KO
"FORTUNE BRANDS INC",USD,"NEW YORK STOCK EXCHANGE INC.",XNYS,25201050,US3496311016,349631101,FO
"ADOBE SYSTEMS INC",USD,"NASDAQ/NGS (GLOBAL SELECT MARKET)",XNGS,45103010,US00724F1012,00724F101,ADBE
"LIMITED BRANDS INC",USD,"NEW YORK STOCK EXCHANGE INC.",XNYS,25504010,US5327161072,532716107,LTD
"BECTON DICKINSON AND CO",USD,"NEW YORK STOCK EXCHANGE INC.",XNYS,35101010,US0758871091,075887109,BDX
"SIGMA-ALDRICH",USD,"NASDAQ/NGS (GLOBAL SELECT MARKET)",XNGS,15101050,US8265521018,826552101,SIAL
"HUNTINGTON BANCSHARES INC",USD,"NASDAQ/NGS (GLOBAL SELECT MARKET)",XNGS,40101015,US4461501045,446150104,HBAN
"ADVANCED MICRO DEVICES",USD,"NEW YORK STOCK EXCHANGE INC.",XNYS,45301020,US0079031078,007903107,AMD
"DEERE & CO",USD,"NEW YORK STOCK EXCHANGE INC.",XNYS,20106010,US2441991054,244199105,DE
"EQT CORP",USD,"NEW YORK STOCK EXCHANGE INC.",XNYS,10102020,US26884L1098,26884L109,EQT
"HEWLETT-PACKARD CO",USD,"NEW YORK STOCK EXCHANGE INC.",XNYS,45202010,US4282361033,428236103,HPQ
"LOEWS CORP",USD,"NEW YORK STOCK EXCHANGE INC.",XNYS,40301030,US5404241086,540424108,L
"KEYCORP",USD,"NEW YORK STOCK EXCHANGE INC.",XNYS,40101015,US4932671088,493267108,KEY
"CAMPBELL SOUP CO",USD,"NEW YORK STOCK EXCHANGE INC.",XNYS,30202030,US1344291091,134429109,CPB
"NOBLE ENERGY INC",USD,"NEW YORK STOCK EXCHANGE INC.",XNYS,10102020,US6550441058,655044105,NBL
"HARMAN INTERNATIONAL",USD,"NEW YORK STOCK EXCHANGE INC.",XNYS,25201010,US4130861093,413086109,HAR
"TEXTRON INC",USD,"NEW YORK STOCK EXCHANGE INC.",XNYS,20105010,US8832031012,883203101,TXT
"WW GRAINGER INC",USD,"NEW YORK STOCK EXCHANGE INC.",XNYS,20107010,US3848021040,384802104,GWW
"BROWN-FORMAN CORP-CLASS B",USD,"NEW YORK STOCK EXCHANGE INC.",XNYS,30201020,US1156372096,115637209,BF/B
"BAXTER INTERNATIONAL INC",USD,"NEW YORK STOCK EXCHANGE INC.",XNYS,35101010,US0718131099,071813109,BAX
"ONEOK INC",USD,"NEW YORK STOCK EXCHANGE INC.",XNYS,55102010,US6826801036,682680103,OKE
"PERKINELMER INC",USD,"NEW YORK STOCK EXCHANGE INC.",XNYS,35203010,US7140461093,714046109,PKI
"SEMPRA ENERGY",USD,"NEW YORK STOCK EXCHANGE INC.",XNYS,55103010,US8168511090,816851109,SRE
"AMERISOURCEBERGEN CORP",USD,"NEW YORK STOCK EXCHANGE INC.",XNYS,35102010,US03073E1055,03073E105,ABC
"MEMC ELECTRONIC MATERIALS",USD,"NEW YORK STOCK EXCHANGE INC.",XNYS,45301010,US5527151048,552715104,WFR
"REGIONS FINANCIAL CORP",USD,"NEW YORK STOCK EXCHANGE INC.",XNYS,40101015,US7591EP1005,7591EP100,RF
"MATTEL INC",USD,"NASDAQ/NGS (GLOBAL SELECT MARKET)",XNGS,25202010,US5770811025,577081102,MAT
"PITNEY BOWES INC",USD,"NEW YORK STOCK EXCHANGE INC.",XNYS,20201060,US7244791007,724479100,PBI
"SYSCO CORP",USD,"NEW YORK STOCK EXCHANGE INC.",XNYS,30101020,US8718291078,871829107,SYY
"MEDCO HEALTH SOLUTIONS INC",USD,"NEW YORK STOCK EXCHANGE INC.",XNYS,35102015,US58405U1025,58405U102,MHS
"DIAMOND OFFSHORE DRILLING",USD,"NEW YORK STOCK EXCHANGE INC.",XNYS,10101010,US25271C1027,25271C102,DO
"INTL FLAVORS & FRAGRANCES",USD,"NEW YORK STOCK EXCHANGE INC.",XNYS,15101050,US4595061015,459506101,IFF
"RANGE RESOURCES CORP",USD,"NEW YORK STOCK EXCHANGE INC.",XNYS,10102020,US75281A1097,75281A109,RRC
"FIDELITY NATIONAL INFORMATIO",USD,"NEW YORK STOCK EXCHANGE INC.",XNYS,45102020,US31620M1062,31620M106,FIS
"3M CO",USD,"NEW YORK STOCK EXCHANGE INC.",XNYS,20105010,US88579Y1010,88579Y101,MMM
"APACHE CORP",USD,"NEW YORK STOCK EXCHANGE INC.",XNYS,10102020,US0374111054,037411105,APA
"LABORATORY CRP OF AMER HLDGS",USD,"NEW YORK STOCK EXCHANGE INC.",XNYS,35102015,US50540R4092,50540R409,LH
"NRG ENERGY INC",USD,"NEW YORK STOCK EXCHANGE INC.",XNYS,55105010,US6293775085,629377508,NRG
"CB RICHARD ELLIS GROUP INC-A",USD,"NEW YORK STOCK EXCHANGE INC.",XNYS,40403040,US12497T1016,12497T101,CBG
"DR PEPPER SNAPPLE GROUP INC",USD,"NEW YORK STOCK EXCHANGE INC.",XNYS,30201030,US26138E1091,26138E109,DPS
"WEYERHAEUSER CO",USD,"NEW YORK STOCK EXCHANGE INC.",XNYS,15105010,US9621661043,962166104,WY
"DU PONT (E.I.) DE NEMOURS",USD,"NEW YORK STOCK EXCHANGE INC.",XNYS,15101020,US2635341090,263534109,DD
"ALLSTATE CORP",USD,"NEW YORK STOCK EXCHANGE INC.",XNYS,40301040,US0200021014,020002101,ALL
"NASDAQ OMX GROUP/THE",USD,"NASDAQ/NGS (GLOBAL SELECT MARKET)",XNGS,40201040,US6311031081,631103108,NDAQ
"MICRON TECHNOLOGY INC",USD,"NASDAQ/NGS (GLOBAL SELECT MARKET)",XNGS,45301020,US5951121038,595112103,MU
"WASTE MANAGEMENT INC",USD,"NEW YORK STOCK EXCHANGE INC.",XNYS,20201050,US94106L1098,94106L109,WM
"APARTMENT INVT & MGMT CO -A",USD,"NEW YORK STOCK EXCHANGE INC.",XNYS,40402050,US03748R1014,03748R101,AIV
"BEMIS COMPANY",USD,"NEW YORK STOCK EXCHANGE INC.",XNYS,15103020,US0814371052,081437105,BMS
"PUBLIC STORAGE",USD,"NEW YORK STOCK EXCHANGE INC.",XNYS,40402070,US74460D1090,74460D109,PSA
"MARSH & MCLENNAN COS",USD,"NEW YORK STOCK EXCHANGE INC.",XNYS,40301010,US5717481023,571748102,MMC
"OWENS-ILLINOIS INC",USD,"NEW YORK STOCK EXCHANGE INC.",XNYS,15103010,US6907684038,690768403,OI
"PROLOGIS",USD,"NEW YORK STOCK EXCHANGE INC.",XNYS,40402020,US7434101025,743410102,PLD
"H&R BLOCK INC",USD,"NEW YORK STOCK EXCHANGE INC.",XNYS,25302020,US0936711052,093671105,HRB
"VERIZON COMMUNICATIONS INC",USD,"NEW YORK STOCK EXCHANGE INC.",XNYS,50101020,US92343V1044,92343V104,VZ
"DENTSPLY INTERNATIONAL INC",USD,"NASDAQ/NGS (GLOBAL SELECT MARKET)",XNGS,35101020,US2490301072,249030107,XRAY
"RAYTHEON COMPANY",USD,"NEW YORK STOCK EXCHANGE INC.",XNYS,20101010,US7551115071,755111507,RTN
"CSX CORP",USD,"NEW YORK STOCK EXCHANGE INC.",XNYS,20304010,US1264081035,126408103,CSX
"XEROX CORP",USD,"NEW YORK STOCK EXCHANGE INC.",XNYS,45204010,US9841211033,984121103,XRX
"JOHNSON & JOHNSON",USD,"NEW YORK STOCK EXCHANGE INC.",XNYS,35202010,US4781601046,478160104,JNJ
"FRONTIER COMMUNICATIONS CORP",USD,"NEW YORK STOCK EXCHANGE INC.",XNYS,50101020,US35906A1088,35906A108,FTR
"AMERICAN INTERNATIONAL GROUP",USD,"NEW YORK STOCK EXCHANGE INC.",XNYS,40301030,US0268747849,026874784,AIG
"AMEREN CORPORATION",USD,"NEW YORK STOCK EXCHANGE INC.",XNYS,55103010,US0236081024,023608102,AEE
"GOODRICH CORP",USD,"NEW YORK STOCK EXCHANGE INC.",XNYS,20101010,US3823881061,382388106,GR
"TIME WARNER INC",USD,"NEW YORK STOCK EXCHANGE INC.",XNYS,25401030,US8873173038,887317303,TWX
"CLOROX COMPANY",USD,"NEW YORK STOCK EXCHANGE INC.",XNYS,30301010,US1890541097,189054109,CLX
"FASTENAL CO",USD,"NASDAQ/NGS (GLOBAL SELECT MARKET)",XNGS,20107010,US3119001044,311900104,FAST
"ANADARKO PETROLEUM CORP",USD,"NEW YORK STOCK EXCHANGE INC.",XNYS,10102020,US0325111070,032511107,APC
"FMC CORP",USD,"NEW YORK STOCK EXCHANGE INC.",XNYS,15101020,US3024913036,302491303,FMC
"CAREFUSION CORP",USD,"NEW YORK STOCK EXCHANGE INC.",XNYS,35101010,US14170T1016,14170T101,CFN
"STATE STREET CORP",USD,"NEW YORK STOCK EXCHANGE INC.",XNYS,40203010,US8574771031,857477103,STT
"SALESFORCE.COM INC",USD,"NEW YORK STOCK EXCHANGE INC.",XNYS,45103010,US79466L3024,79466L302,CRM
"ALLEGHENY TECHNOLOGIES INC",USD,"NEW YORK STOCK EXCHANGE INC.",XNYS,15104050,US01741R1023,01741R102,ATI
"PEOPLE'S UNITED FINANCIAL",USD,"NASDAQ/NGS (GLOBAL SELECT MARKET)",XNGS,40102010,US7127041058,712704105,PBCT
"AUTOZONE INC",USD,"NEW YORK STOCK EXCHANGE INC.",XNYS,25504050,US0533321024,053332102,AZO
"FMC TECHNOLOGIES INC",USD,"NEW YORK STOCK EXCHANGE INC.",XNYS,10101020,US30249U1016,30249U101,FTI
"M & T BANK CORP",USD,"NEW YORK STOCK EXCHANGE INC.",XNYS,40101015,US55261F1049,55261F104,MTB
"ROWAN COMPANIES INC",USD,"NEW YORK STOCK EXCHANGE INC.",XNYS,10101010,US7793821007,779382100,RDC
"FEDERATED INVESTORS INC-CL B",USD,"NEW YORK STOCK EXCHANGE INC.",XNYS,40203010,US3142111034,314211103,FII
"EOG RESOURCES INC",USD,"NEW YORK STOCK EXCHANGE INC.",XNYS,10102020,US26875P1012,26875P101,EOG
"KLA-TENCOR CORPORATION",USD,"NASDAQ/NGS (GLOBAL SELECT MARKET)",XNGS,45301010,US4824801009,482480100,KLAC
"KING PHARMACEUTICALS INC",USD,"NEW YORK STOCK EXCHANGE INC.",XNYS,35202010,US4955821081,495582108,KG
"LENNAR CORP-CL A",USD,"NEW YORK STOCK EXCHANGE INC.",XNYS,25201030,US5260571048,526057104,LEN
"CORNING INC",USD,"NEW YORK STOCK EXCHANGE INC.",XNYS,45203015,US2193501051,219350105,GLW
"SYMANTEC CORP",USD,"NASDAQ/NGS (GLOBAL SELECT MARKET)",XNGS,45103020,US8715031089,871503108,SYMC
"L-3 COMMUNICATIONS HOLDINGS",USD,"NEW YORK STOCK EXCHANGE INC.",XNYS,20101010,US5024241045,502424104,LLL
"VIACOM INC-CLASS B",USD,"NEW YORK STOCK EXCHANGE INC.",XNYS,25401030,US92553P2011,92553P201,VIA/B
"CABOT OIL & GAS CORP",USD,"NEW YORK STOCK EXCHANGE INC.",XNYS,10102020,US1270971039,127097103,COG
"SUNTRUST BANKS INC",USD,"NEW YORK STOCK EXCHANGE INC.",XNYS,40101015,US8679141031,867914103,STI
"HASBRO INC",USD,"NEW YORK STOCK EXCHANGE INC.",XNYS,25202010,US4180561072,418056107,HAS
"AVON PRODUCTS INC",USD,"NEW YORK STOCK EXCHANGE INC.",XNYS,30302010,US0543031027,054303102,AVP
"MEDTRONIC INC",USD,"NEW YORK STOCK EXCHANGE INC.",XNYS,35101010,US5850551061,585055106,MDT
"WATSON PHARMACEUTICALS INC",USD,"NEW YORK STOCK EXCHANGE INC.",XNYS,35202010,US9426831031,942683103,WPI
"MYLAN INC",USD,"NASDAQ/NGS (GLOBAL SELECT MARKET)",XNGS,35202010,US6285301072,628530107,MYL
"ARCHER-DANIELS-MIDLAND CO",USD,"NEW YORK STOCK EXCHANGE INC.",XNYS,30202010,US0394831020,039483102,ADM
"US BANCORP",USD,"NEW YORK STOCK EXCHANGE INC.",XNYS,40101010,US9029733048,902973304,USB
"FAMILY DOLLAR STORES",USD,"NEW YORK STOCK EXCHANGE INC.",XNYS,25503020,US3070001090,307000109,FDO
"NICOR INC",USD,"NEW YORK STOCK EXCHANGE INC.",XNYS,55102010,US6540861076,654086107,GAS
"CENTERPOINT ENERGY INC",USD,"NEW YORK STOCK EXCHANGE INC.",XNYS,55103010,US15189T1079,15189T107,CNP
"METROPCS COMMUNICATIONS INC",USD,"NEW YORK STOCK EXCHANGE INC.",XNYS,50102010,US5917081029,591708102,PCS
"JOHNSON CONTROLS INC",USD,"NEW YORK STOCK EXCHANGE INC.",XNYS,25101010,US4783661071,478366107,JCI
"ROCKWELL AUTOMATION INC",USD,"NEW YORK STOCK EXCHANGE INC.",XNYS,20104010,US7739031091,773903109,ROK
"CIGNA CORP",USD,"NEW YORK STOCK EXCHANGE INC.",XNYS,35102030,US1255091092,125509109,CI
"BAKER HUGHES INC",USD,"NEW YORK STOCK EXCHANGE INC.",XNYS,10101020,US0572241075,057224107,BHI
"FIFTH THIRD BANCORP",USD,"NASDAQ/NGS (GLOBAL SELECT MARKET)",XNGS,40101015,US3167731005,316773100,FITB
"TRAVELERS COS INC/THE",USD,"NEW YORK STOCK EXCHANGE INC.",XNYS,40301040,US89417E1091,89417E109,TRV
"OCCIDENTAL PETROLEUM CORP",USD,"NEW YORK STOCK EXCHANGE INC.",XNYS,10102010,US6745991058,674599105,OXY
"FLIR SYSTEMS INC",USD,"NASDAQ/NGS (GLOBAL SELECT MARKET)",XNGS,45203010,US3024451011,302445101,FLIR
"CONSTELLATION ENERGY GROUP",USD,"NEW YORK STOCK EXCHANGE INC.",XNYS,55105010,US2103711006,210371100,CEG
"LEGG MASON INC",USD,"NEW YORK STOCK EXCHANGE INC.",XNYS,40203010,US5249011058,524901105,LM
"ANALOG DEVICES INC",USD,"NEW YORK STOCK EXCHANGE INC.",XNYS,45301020,US0326541051,032654105,ADI
"EQUITY RESIDENTIAL",USD,"NEW YORK STOCK EXCHANGE INC.",XNYS,40402050,US29476L1070,29476L107,EQR
"CONAGRA FOODS INC",USD,"NEW YORK STOCK EXCHANGE INC.",XNYS,30202030,US2058871029,205887102,CAG
"MCKESSON CORP",USD,"NEW YORK STOCK EXCHANGE INC.",XNYS,35102010,US58155Q1031,58155Q103,MCK
"SIMON PROPERTY GROUP INC",USD,"NEW YORK STOCK EXCHANGE INC.",XNYS,40402060,US8288061091,828806109,SPG
"AMPHENOL CORP-CL A",USD,"NEW YORK STOCK EXCHANGE INC.",XNYS,45203015,US0320951017,032095101,APH
"COMERICA INC",USD,"NEW YORK STOCK EXCHANGE INC.",XNYS,40101010,US2003401070,200340107,CMA
"SANDISK CORP",USD,"NASDAQ/NGS (GLOBAL SELECT MARKET)",XNGS,45202020,US80004C1018,80004C101,SNDK
"INTUITIVE SURGICAL INC",USD,"NASDAQ/NGS (GLOBAL SELECT MARKET)",XNGS,35101010,US46120E6023,46120E602,ISRG
"DR HORTON INC",USD,"NEW YORK STOCK EXCHANGE INC.",XNYS,25201030,US23331A1097,23331A109,DHI
"WAL-MART STORES INC",USD,"NEW YORK STOCK EXCHANGE INC.",XNYS,30101040,US9311421039,931142103,WMT
"WASHINGTON POST-CLASS B",USD,"NEW YORK STOCK EXCHANGE INC.",XNYS,25401040,US9396401088,939640108,WPO
"O'REILLY AUTOMOTIVE INC",USD,"NASDAQ/NGS (GLOBAL SELECT MARKET)",XNGS,25504050,US6860911097,686091109,ORLY
"TERADATA CORP",USD,"NEW YORK STOCK EXCHANGE INC.",XNYS,45102010,US88076W1036,88076W103,TDC
"PRAXAIR INC",USD,"NEW YORK STOCK EXCHANGE INC.",XNYS,15101040,US74005P1049,74005P104,PX
"BRISTOL-MYERS SQUIBB CO",USD,"NEW YORK STOCK EXCHANGE INC.",XNYS,35202010,US1101221083,110122108,BMY
"DELL INC",USD,"NASDAQ/NGS (GLOBAL SELECT MARKET)",XNGS,45202010,US24702R1014,24702R101,DELL
"FEDEX CORP",USD,"NEW YORK STOCK EXCHANGE INC.",XNYS,20301010,US31428X1063,31428X106,FDX
"LOCKHEED MARTIN CORP",USD,"NEW YORK STOCK EXCHANGE INC.",XNYS,20101010,US5398301094,539830109,LMT
"ALCOA INC",USD,"NEW YORK STOCK EXCHANGE INC.",XNYS,15104010,US0138171014,013817101,AA
"SLM CORP",USD,"NEW YORK STOCK EXCHANGE INC.",XNYS,40202010,US78442P1066,78442P106,SLM
"CARMAX INC",USD,"NEW YORK STOCK EXCHANGE INC.",XNYS,25504050,US1431301027,143130102,KMX
"TOTAL SYSTEM SERVICES INC",USD,"NEW YORK STOCK EXCHANGE INC.",XNYS,45102020,US8919061098,891906109,TSS
"CARDINAL HEALTH INC",USD,"NEW YORK STOCK EXCHANGE INC.",XNYS,35102010,US14149Y1082,14149Y108,CAH
"AMERICAN TOWER CORP-CL A",USD,"NEW YORK STOCK EXCHANGE INC.",XNYS,50102010,US0299122012,029912201,AMT
"PULTE GROUP INC",USD,"NEW YORK STOCK EXCHANGE INC.",XNYS,25201030,US7458671010,745867101,PHM
"DIRECTV-CLASS A",USD,"NASDAQ/NGS (GLOBAL SELECT MARKET)",XNGS,25401025,US25490A1016,25490A101,DTV
"BEST BUY CO INC",USD,"NEW YORK STOCK EXCHANGE INC.",XNYS,25504020,US0865161014,086516101,BBY
"ABBOTT LABORATORIES",USD,"NEW YORK STOCK EXCHANGE INC.",XNYS,35202010,US0028241000,002824100,ABT
"BOSTON SCIENTIFIC CORP",USD,"NEW YORK STOCK EXCHANGE INC.",XNYS,35101010,US1011371077,101137107,BSX
"QUEST DIAGNOSTICS",USD,"NEW YORK STOCK EXCHANGE INC.",XNYS,35102015,US74834L1008,74834L100,DGX
"VULCAN MATERIALS CO",USD,"NEW YORK STOCK EXCHANGE INC.",XNYS,15102010,US9291601097,929160109,VMC
"STARBUCKS CORP",USD,"NASDAQ/NGS (GLOBAL SELECT MARKET)",XNGS,25301040,US8552441094,855244109,SBUX
"WESTERN UNION CO",USD,"NEW YORK STOCK EXCHANGE INC.",XNYS,45102020,US9598021098,959802109,WU
"QEP RESOURCES INC",USD,"NEW YORK STOCK EXCHANGE INC.",XNYS,10102020,US74733V1008,74733V100,QEP
"MONSANTO CO",USD,"NEW YORK STOCK EXCHANGE INC.",XNYS,15101030,US61166W1018,61166W101,MON
"NATIONAL SEMICONDUCTOR CORP",USD,"NEW YORK STOCK EXCHANGE INC.",XNYS,45301020,US6376401039,637640103,NSM
"UNITED TECHNOLOGIES CORP",USD,"NEW YORK STOCK EXCHANGE INC.",XNYS,20101010,US9130171096,913017109,UTX
"EXXON MOBIL CORP",USD,"NEW YORK STOCK EXCHANGE INC.",XNYS,10102010,US30231G1022,30231G102,XOM
"NEWMONT MINING CORP",USD,"NEW YORK STOCK EXCHANGE INC.",XNYS,15104030,US6516391066,651639106,NEM
"AMAZON.COM INC",USD,"NASDAQ/NGS (GLOBAL SELECT MARKET)",XNGS,25502020,US0231351067,023135106,AMZN
"GOLDMAN SACHS GROUP INC",USD,"NEW YORK STOCK EXCHANGE INC.",XNYS,40203020,US38141G1040,38141G104,GS
"TERADYNE INC",USD,"NEW YORK STOCK EXCHANGE INC.",XNYS,45301010,US8807701029,880770102,TER
"PPG INDUSTRIES INC",USD,"NEW YORK STOCK EXCHANGE INC.",XNYS,15101020,US6935061076,693506107,PPG
"BERKSHIRE HATHAWAY INC-CL B",USD,"NEW YORK STOCK EXCHANGE INC.",XNYS,40301040,US0846707026,084670702,BRK/B
"FIRST SOLAR INC",USD,"NASDAQ/NGS (GLOBAL SELECT MARKET)",XNGS,45301020,US3364331070,336433107,FSLR
"OMNICOM GROUP",USD,"NEW YORK STOCK EXCHANGE INC.",XNYS,25401010,US6819191064,681919106,OMC
"PHILIP MORRIS INTERNATIONAL",USD,"NEW YORK STOCK EXCHANGE INC.",XNYS,30203010,US7181721090,718172109,PM
"TECO ENERGY INC",USD,"NEW YORK STOCK EXCHANGE INC.",XNYS,55103010,US8723751009,872375100,TE
"EXPEDITORS INTL WASH INC",USD,"NASDAQ/NGS (GLOBAL SELECT MARKET)",XNGS,20301010,US3021301094,302130109,EXPD
"SAFEWAY INC",USD,"NEW YORK STOCK EXCHANGE INC.",XNYS,30101030,US7865142084,786514208,SWY
"WELLPOINT INC",USD,"NEW YORK STOCK EXCHANGE INC.",XNYS,35102030,US94973V1070,94973V107,WLP
"MCAFEE INC",USD,"NEW YORK STOCK EXCHANGE INC.",XNYS,45103020,US5790641063,579064106,MFE
"RR DONNELLEY & SONS CO",USD,"NASDAQ/NGS (GLOBAL SELECT MARKET)",XNGS,20201010,US2578671016,257867101,RRD
"METLIFE INC",USD,"NEW YORK STOCK EXCHANGE INC.",XNYS,40301020,US59156R1086,59156R108,MET
"NEW YORK TIMES CO -CL A",USD,"NEW YORK STOCK EXCHANGE INC.",XNYS,25401040,US6501111073,650111107,NYT
"APPLIED MATERIALS INC",USD,"NASDAQ/NGS (GLOBAL SELECT MARKET)",XNGS,45301010,US0382221051,038222105,AMAT
"UNUM GROUP",USD,"NEW YORK STOCK EXCHANGE INC.",XNYS,40301020,US91529Y1064,91529Y106,UNM
"SAIC INC",USD,"NEW YORK STOCK EXCHANGE INC.",XNYS,45102010,US78390X1019,78390X101,SAI
"CBS CORP-CLASS B NON VOTING",USD,"NEW YORK STOCK EXCHANGE INC.",XNYS,25401020,US1248572026,124857202,CBS
"PEPCO HOLDINGS INC",USD,"NEW YORK STOCK EXCHANGE INC.",XNYS,55101010,US7132911022,713291102,POM
"STERICYCLE INC",USD,"NASDAQ/NGS (GLOBAL SELECT MARKET)",XNGS,20201050,US8589121081,858912108,SRCL
"GENERAL ELECTRIC CO",USD,"NEW YORK STOCK EXCHANGE INC.",XNYS,20105010,US3696041033,369604103,GE
"EDISON INTERNATIONAL",USD,"NEW YORK STOCK EXCHANGE INC.",XNYS,55101010,US2810201077,281020107,EIX
"VF CORP",USD,"NEW YORK STOCK EXCHANGE INC.",XNYS,25203010,US9182041080,918204108,VFC
"FOREST LABORATORIES INC",USD,"NEW YORK STOCK EXCHANGE INC.",XNYS,35202010,US3458381064,345838106,FRX
"WISCONSIN ENERGY CORP",USD,"NEW YORK STOCK EXCHANGE INC.",XNYS,55103010,US9766571064,976657106,WEC
"TYSON FOODS INC-CL A",USD,"NEW YORK STOCK EXCHANGE INC.",XNYS,30202030,US9024941034,902494103,TSN
"SCHLUMBERGER LTD",USD,"NEW YORK STOCK EXCHANGE INC.",XNYS,10101020,AN8068571086,806857108,SLB
"JACOBS ENGINEERING GROUP INC",USD,"NEW YORK STOCK EXCHANGE INC.",XNYS,20103010,US4698141078,469814107,JEC
"ST JUDE MEDICAL INC",USD,"NEW YORK STOCK EXCHANGE INC.",XNYS,35101010,US7908491035,790849103,STJ
"VALERO ENERGY CORP",USD,"NEW YORK STOCK EXCHANGE INC.",XNYS,10102030,US91913Y1001,91913Y100,VLO
"PACCAR INC",USD,"NASDAQ/NGS (GLOBAL SELECT MARKET)",XNGS,20106010,US6937181088,693718108,PCAR
"STARWOOD HOTELS & RESORTS",USD,"NEW YORK STOCK EXCHANGE INC.",XNYS,25301020,US85590A4013,85590A401,HOT
"MCCORMICK & CO-NON VTG SHRS",USD,"NEW YORK STOCK EXCHANGE INC.",XNYS,30202030,US5797802064,579780206,MKC
"SEALED AIR CORP",USD,"NEW YORK STOCK EXCHANGE INC.",XNYS,15103020,US81211K1007,81211K100,SEE
"PEPSICO INC",USD,"NEW YORK STOCK EXCHANGE INC.",XNYS,30201030,US7134481081,713448108,PEP
"DEVON ENERGY CORPORATION",USD,"NEW YORK STOCK EXCHANGE INC.",XNYS,10102020,US25179M1036,25179M103,DVN
"RADIOSHACK CORP",USD,"NEW YORK STOCK EXCHANGE INC.",XNYS,25504020,US7504381036,750438103,RSH
"CERNER CORP",USD,"NASDAQ/NGS (GLOBAL SELECT MARKET)",XNGS,35103010,US1567821046,156782104,CERN
"PUBLIC SERVICE ENTERPRISE GP",USD,"NEW YORK STOCK EXCHANGE INC.",XNYS,55103010,US7445731067,744573106,PEG
"MASTERCARD INC-CLASS A",USD,"NEW YORK STOCK EXCHANGE INC.",XNYS,45102020,US57636Q1040,57636Q104,MA
"CEPHALON INC",USD,"NASDAQ/NGS (GLOBAL SELECT MARKET)",XNGS,35201010,US1567081096,156708109,CEPH
"HALLIBURTON CO",USD,"NEW YORK STOCK EXCHANGE INC.",XNYS,10101020,US4062161017,406216101,HAL
"NYSE EURONEXT",USD,"NEW YORK STOCK EXCHANGE INC.",XNYS,40201040,US6294911010,629491101,NYX
"AUTODESK INC",USD,"NASDAQ/NGS (GLOBAL SELECT MARKET)",XNGS,45103010,US0527691069,052769106,ADSK
"KRAFT FOODS INC-CLASS A",USD,"NEW YORK STOCK EXCHANGE INC.",XNYS,30202030,US50075N1046,50075N104,KFT
"HCP INC",USD,"NEW YORK STOCK EXCHANGE INC.",XNYS,40402070,US40414L1098,40414L109,HCP
"INTL GAME TECHNOLOGY",USD,"NEW YORK STOCK EXCHANGE INC.",XNYS,25301010,US4599021023,459902102,IGT
"UNITED PARCEL SERVICE-CL B",USD,"NEW YORK STOCK EXCHANGE INC.",XNYS,20301010,US9113121068,911312106,UPS
"RED HAT INC",USD,"NEW YORK STOCK EXCHANGE INC.",XNYS,45103020,US7565771026,756577102,RHT
"STANLEY BLACK & DECKER INC",USD,"NEW YORK STOCK EXCHANGE INC.",XNYS,25201040,US8545021011,854502101,SWK
"QUANTA SERVICES INC",USD,"NEW YORK STOCK EXCHANGE INC.",XNYS,20103010,US74762E1029,74762E102,PWR
"MICROCHIP TECHNOLOGY INC",USD,"NASDAQ/NGS (GLOBAL SELECT MARKET)",XNGS,45301020,US5950171042,595017104,MCHP
"LINCOLN NATIONAL CORP",USD,"NEW YORK STOCK EXCHANGE INC.",XNYS,40301020,US5341871094,534187109,LNC
"AVALONBAY COMMUNITIES INC",USD,"NEW YORK STOCK EXCHANGE INC.",XNYS,40402050,US0534841012,053484101,AVB
"CF INDUSTRIES HOLDINGS INC",USD,"NEW YORK STOCK EXCHANGE INC.",XNYS,15101030,US1252691001,125269100,CF
"HUMANA INC",USD,"NEW YORK STOCK EXCHANGE INC.",XNYS,35102030,US4448591028,444859102,HUM
"CUMMINS INC",USD,"NEW YORK STOCK EXCHANGE INC.",XNYS,20106010,US2310211063,231021106,CMI
"AUTOMATIC DATA PROCESSING",USD,"NASDAQ/NGS (GLOBAL SELECT MARKET)",XNGS,45102020,US0530151036,053015103,ADP
"EASTMAN CHEMICAL COMPANY",USD,"NEW YORK STOCK EXCHANGE INC.",XNYS,15101020,US2774321002,277432100,EMN
"FLUOR CORP",USD,"NEW YORK STOCK EXCHANGE INC.",XNYS,20103010,US3434121022,343412102,FLR
"HARLEY-DAVIDSON INC",USD,"NEW YORK STOCK EXCHANGE INC.",XNYS,25102020,US4128221086,412822108,HOG
"MCGRAW-HILL COMPANIES INC",USD,"NEW YORK STOCK EXCHANGE INC.",XNYS,25401040,US5806451093,580645109,MHP
"DOMINION RESOURCES INC/VA",USD,"NEW YORK STOCK EXCHANGE INC.",XNYS,55103010,US25746U1097,25746U109,D
"LSI CORP",USD,"NEW YORK STOCK EXCHANGE INC.",XNYS,45301020,US5021611026,502161102,LSI
"JANUS CAPITAL GROUP INC",USD,"NEW YORK STOCK EXCHANGE INC.",XNYS,40203010,US47102X1054,47102X105,JNS
"HJ HEINZ CO",USD,"NEW YORK STOCK EXCHANGE INC.",XNYS,30202030,US4230741039,423074103,HNZ
"HORMEL FOODS CORP",USD,"NEW YORK STOCK EXCHANGE INC.",XNYS,30202030,US4404521001,440452100,HRL
"DISCOVERY COMMUNICATIONS-A",USD,"NASDAQ/NGS (GLOBAL SELECT MARKET)",XNGS,25401020,US25470F1049,25470F104,DISCA
"HOST HOTELS & RESORTS INC",USD,"NEW YORK STOCK EXCHANGE INC.",XNYS,40402070,US44107P1049,44107P104,HST
"HUDSON CITY BANCORP INC",USD,"NASDAQ/NGS (GLOBAL SELECT MARKET)",XNGS,40102010,US4436831071,443683107,HCBK
"BALL CORP",USD,"NEW YORK STOCK EXCHANGE INC.",XNYS,15103010,US0584981064,058498106,BLL
"JABIL CIRCUIT INC",USD,"NEW YORK STOCK EXCHANGE INC.",XNYS,45203020,US4663131039,466313103,JBL
"WESTERN DIGITAL CORP",USD,"NEW YORK STOCK EXCHANGE INC.",XNYS,45202020,US9581021055,958102105,WDC
"TORCHMARK CORP",USD,"NEW YORK STOCK EXCHANGE INC.",XNYS,40301020,US8910271043,891027104,TMK
"BIOGEN IDEC INC",USD,"NASDAQ/NGS (GLOBAL SELECT MARKET)",XNGS,35201010,US09062X1037,09062X103,BIIB
"BANK OF NEW YORK MELLON CORP",USD,"NEW YORK STOCK EXCHANGE INC.",XNYS,40203010,US0640581007,064058100,BK
"NEWS CORP-CL A",USD,"NASDAQ/NGS (GLOBAL SELECT MARKET)",XNGS,25401030,US65248E1047,65248E104,NWSA
"COMPUTER SCIENCES CORP",USD,"NEW YORK STOCK EXCHANGE INC.",XNYS,45102020,US2053631048,205363104,CSC
"DOW CHEMICAL",USD,"NEW YORK STOCK EXCHANGE INC.",XNYS,15101020,US2605431038,260543103,DOW
"HERSHEY CO/THE",USD,"NEW YORK STOCK EXCHANGE INC.",XNYS,30202030,US4278661081,427866108,HSY
"ALTRIA GROUP INC",USD,"NEW YORK STOCK EXCHANGE INC.",XNYS,30203010,US02209S1033,02209S103,MO
"P G & E CORP",USD,"NEW YORK STOCK EXCHANGE INC.",XNYS,55103010,US69331C1080,69331C108,PCG
"KOHLS CORP",USD,"NEW YORK STOCK EXCHANGE INC.",XNYS,25503010,US5002551043,500255104,KSS
"BED BATH & BEYOND INC",USD,"NASDAQ/NGS (GLOBAL SELECT MARKET)",XNGS,25504060,US0758961009,075896100,BBBY
"SHERWIN-WILLIAMS CO/THE",USD,"NEW YORK STOCK EXCHANGE INC.",XNYS,15101050,US8243481061,824348106,SHW
"AMERICAN ELECTRIC POWER",USD,"NEW YORK STOCK EXCHANGE INC.",XNYS,55101010,US0255371017,025537101,AEP
"ROBERT HALF INTL INC",USD,"NEW YORK STOCK EXCHANGE INC.",XNYS,20202010,US7703231032,770323103,RHI
"VENTAS INC",USD,"NEW YORK STOCK EXCHANGE INC.",XNYS,40402070,US92276F1003,92276F100,VTR
"PRECISION CASTPARTS CORP",USD,"NEW YORK STOCK EXCHANGE INC.",XNYS,20101010,US7401891053,740189105,PCP
"CONSOL ENERGY INC",USD,"NEW YORK STOCK EXCHANGE INC.",XNYS,10102050,US20854P1093,20854P109,CNX
"NIKE INC -CL B",USD,"NEW YORK STOCK EXCHANGE INC.",XNYS,25203020,US6541061031,654106103,NKE
"INTERCONTINENTALEXCHANGE INC",USD,"NEW YORK STOCK EXCHANGE INC.",XNYS,40201040,US45865V1008,45865V100,ICE
"PIONEER NATURAL RESOURCES CO",USD,"NEW YORK STOCK EXCHANGE INC.",XNYS,10102020,US7237871071,723787107,PXD
"NORTHROP GRUMMAN CORP",USD,"NEW YORK STOCK EXCHANGE INC.",XNYS,20101010,US6668071029,666807102,NOC
"VISA INC-CLASS A SHARES",USD,"NEW YORK STOCK EXCHANGE INC.",XNYS,45102020,US92826C8394,92826C839,V
"MOLSON COORS BREWING CO -B",USD,"NEW YORK STOCK EXCHANGE INC.",XNYS,30201010,US60871R2094,60871R209,TAP
"XCEL ENERGY INC",USD,"NEW YORK STOCK EXCHANGE INC.",XNYS,55103010,US98389B1008,98389B100,XEL
"IRON MOUNTAIN INC",USD,"NEW YORK STOCK EXCHANGE INC.",XNYS,20201070,US4628461067,462846106,IRM
"PINNACLE WEST CAPITAL",USD,"NEW YORK STOCK EXCHANGE INC.",XNYS,55101010,US7234841010,723484101,PNW
"AMGEN INC",USD,"NASDAQ/NGS (GLOBAL SELECT MARKET)",XNGS,35201010,US0311621009,031162100,AMGN
"FIRSTENERGY CORP",USD,"NEW YORK STOCK EXCHANGE INC.",XNYS,55101010,US3379321074,337932107,FE
"CITRIX SYSTEMS INC",USD,"NASDAQ/NGS (GLOBAL SELECT MARKET)",XNGS,45103010,US1773761002,177376100,CTXS
"PPL CORPORATION",USD,"NEW YORK STOCK EXCHANGE INC.",XNYS,55101010,US69351T1060,69351T106,PPL
"QWEST COMMUNICATIONS INTL",USD,"NEW YORK STOCK EXCHANGE INC.",XNYS,50101020,US7491211097,749121109,Q
"AKAMAI TECHNOLOGIES INC",USD,"NASDAQ/NGS (GLOBAL SELECT MARKET)",XNGS,45101010,US00971T1016,00971T101,AKAM
"EXPEDIA INC",USD,"NASDAQ/NGS (GLOBAL SELECT MARKET)",XNGS,25502020,US30212P1057,30212P105,EXPE
"AFLAC INC",USD,"NEW YORK STOCK EXCHANGE INC.",XNYS,40301020,US0010551028,001055102,AFL
"RYDER SYSTEM INC",USD,"NEW YORK STOCK EXCHANGE INC.",XNYS,20304020,US7835491082,783549108,R
"WATERS CORP",USD,"NEW YORK STOCK EXCHANGE INC.",XNYS,35203010,US9418481035,941848103,WAT
"EBAY INC",USD,"NASDAQ/NGS (GLOBAL SELECT MARKET)",XNGS,45101010,US2786421030,278642103,EBAY
"NOVELL INC",USD,"NASDAQ/NGS (GLOBAL SELECT MARKET)",XNGS,45103020,US6700061053,670006105,NOVL
"INTEGRYS ENERGY GROUP INC",USD,"NEW YORK STOCK EXCHANGE INC.",XNYS,55103010,US45822P1057,45822P105,TEG
"SOUTHWESTERN ENERGY CO",USD,"NEW YORK STOCK EXCHANGE INC.",XNYS,10102020,US8454671095,845467109,SWN
"CONOCOPHILLIPS",USD,"NEW YORK STOCK EXCHANGE INC.",XNYS,10102010,US20825C1045,20825C104,COP
"MASCO CORP",USD,"NEW YORK STOCK EXCHANGE INC.",XNYS,20102010,US5745991068,574599106,MAS
"AVERY DENNISON CORP",USD,"NEW YORK STOCK EXCHANGE INC.",XNYS,20201060,US0536111091,053611109,AVY
"GENWORTH FINANCIAL INC-CL A",USD,"NEW YORK STOCK EXCHANGE INC.",XNYS,40301030,US37247D1063,37247D106,GNW
"WELLS FARGO & CO",USD,"NEW YORK STOCK EXCHANGE INC.",XNYS,40101010,US9497461015,949746101,WFC
"LOWE'S COS INC",USD,"NEW YORK STOCK EXCHANGE INC.",XNYS,25504030,US5486611073,548661107,LOW
"NOVELLUS SYSTEMS INC",USD,"NASDAQ/NGS (GLOBAL SELECT MARKET)",XNGS,45301010,US6700081010,670008101,NVLS
"WINDSTREAM CORP",USD,"NASDAQ/NGS (GLOBAL SELECT MARKET)",XNGS,50101020,US97381W1045,97381W104,WIN
"PRUDENTIAL FINANCIAL INC",USD,"NEW YORK STOCK EXCHANGE INC.",XNYS,40301020,US7443201022,744320102,PRU
"AUTONATION INC",USD,"NEW YORK STOCK EXCHANGE INC.",XNYS,25504050,US05329W1027,05329W102,AN
"DEAN FOODS CO",USD,"NEW YORK STOCK EXCHANGE INC.",XNYS,30202030,US2423701042,242370104,DF
"TIME WARNER CABLE",USD,"NEW YORK STOCK EXCHANGE INC.",XNYS,25401025,US88732J2078,88732J207,TWC
"PEABODY ENERGY CORP",USD,"NEW YORK STOCK EXCHANGE INC.",XNYS,10102050,US7045491047,704549104,BTU
"CATERPILLAR INC",USD,"NEW YORK STOCK EXCHANGE INC.",XNYS,20106010,US1491231015,149123101,CAT
"STRYKER CORP",USD,"NEW YORK STOCK EXCHANGE INC.",XNYS,35101010,US8636671013,863667101,SYK
"FRANKLIN RESOURCES INC",USD,"NEW YORK STOCK EXCHANGE INC.",XNYS,40203010,US3546131018,354613101,BEN
"AK STEEL HOLDING CORP",USD,"NEW YORK STOCK EXCHANGE INC.",XNYS,15104050,US0015471081,001547108,AKS
"AON CORP",USD,"NEW YORK STOCK EXCHANGE INC.",XNYS,40301010,US0373891037,037389103,AON
"GOOGLE INC-CL A",USD,"NASDAQ/NGS (GLOBAL SELECT MARKET)",XNGS,45101010,US38259P5089,38259P508,GOOG
"VORNADO REALTY TRUST",USD,"NEW YORK STOCK EXCHANGE INC.",XNYS,40402010,US9290421091,929042109,VNO
"BOSTON PROPERTIES INC",USD,"NEW YORK STOCK EXCHANGE INC.",XNYS,40402040,US1011211018,101121101,BXP
"HOSPIRA INC",USD,"NEW YORK STOCK EXCHANGE INC.",XNYS,35101010,US4410601003,441060100,HSP
"MORGAN STANLEY",USD,"NEW YORK STOCK EXCHANGE INC.",XNYS,40203020,US6174464486,617446448,MS
"ELECTRONIC ARTS INC",USD,"NASDAQ/NGS (GLOBAL SELECT MARKET)",XNGS,45103030,US2855121099,285512109,ERTS
"TEXAS INSTRUMENTS INC",USD,"NEW YORK STOCK EXCHANGE INC.",XNYS,45301020,US8825081040,882508104,TXN
"GENZYME CORP",USD,"NASDAQ/NGS (GLOBAL SELECT MARKET)",XNGS,35201010,US3729171047,372917104,GENZ
"CINTAS CORP",USD,"NASDAQ/NGS (GLOBAL SELECT MARKET)",XNGS,20201070,US1729081059,172908105,CTAS
"CLIFFS NATURAL RESOURCES INC",USD,"NEW YORK STOCK EXCHANGE INC.",XNYS,15104050,US18683K1016,18683K101,CLF
"INTERNATIONAL PAPER CO",USD,"NEW YORK STOCK EXCHANGE INC.",XNYS,15105020,US4601461035,460146103,IP
"ROCKWELL COLLINS INC.",USD,"NEW YORK STOCK EXCHANGE INC.",XNYS,20101010,US7743411016,774341101,COL
"JPMORGAN CHASE & CO",USD,"NEW YORK STOCK EXCHANGE INC.",XNYS,40201020,US46625H1005,46625H100,JPM
"MURPHY OIL CORP",USD,"NEW YORK STOCK EXCHANGE INC.",XNYS,10102010,US6267171022,626717102,MUR
"LIFE TECHNOLOGIES CORP",USD,"NASDAQ/NGS (GLOBAL SELECT MARKET)",XNGS,35203010,US53217V1098,53217V109,LIFE
"COSTCO WHOLESALE CORP",USD,"NASDAQ/NGS (GLOBAL SELECT MARKET)",XNGS,30101040,US22160K1051,22160K105,COST
"AGILENT TECHNOLOGIES INC",USD,"NEW YORK STOCK EXCHANGE INC.",XNYS,45203010,US00846U1016,00846U101,A
"COVENTRY HEALTH CARE INC",USD,"NEW YORK STOCK EXCHANGE INC.",XNYS,35102030,US2228621049,222862104,CVH
"FORD MOTOR CO",USD,"NEW YORK STOCK EXCHANGE INC.",XNYS,25102010,US3453708600,345370860,F
"AES CORP",USD,"NEW YORK STOCK EXCHANGE INC.",XNYS,55105010,US00130H1059,00130H105,AES
"ITT CORP",USD,"NEW YORK STOCK EXCHANGE INC.",XNYS,20101010,US4509111021,450911102,ITT
"MARSHALL & ILSLEY CORP",USD,"NEW YORK STOCK EXCHANGE INC.",XNYS,40101015,US5718371033,571837103,MI
"CVS CAREMARK CORP",USD,"NEW YORK STOCK EXCHANGE INC.",XNYS,30101010,US1266501006,126650100,CVS
"COMPUWARE CORP",USD,"NASDAQ/NGS (GLOBAL SELECT MARKET)",XNGS,45103010,US2056381096,205638109,CPWR
"LEXMARK INTERNATIONAL INC-A",USD,"NEW YORK STOCK EXCHANGE INC.",XNYS,45202020,US5297711070,529771107,LXK
"NORDSTROM INC",USD,"NEW YORK STOCK EXCHANGE INC.",XNYS,25503010,US6556641008,655664100,JWN
"TJX COMPANIES INC",USD,"NEW YORK STOCK EXCHANGE INC.",XNYS,25504010,US8725401090,872540109,TJX
"WHIRLPOOL CORP",USD,"NEW YORK STOCK EXCHANGE INC.",XNYS,25201040,US9633201069,963320106,WHR
"SNAP-ON INC",USD,"NEW YORK STOCK EXCHANGE INC.",XNYS,20106020,US8330341012,833034101,SNA
"MONSTER WORLDWIDE INC",USD,"NEW YORK STOCK EXCHANGE INC.",XNYS,45101010,US6117421072,611742107,MWW
"COCA-COLA ENTERPRISES",USD,"NEW YORK STOCK EXCHANGE INC.",XNYS,30201030,US1912191046,191219104,CCE
"CENTURYLINK INC",USD,"NEW YORK STOCK EXCHANGE INC.",XNYS,50101020,US1567001060,156700106,CTL
"NORTHERN TRUST CORP",USD,"NASDAQ/NGS (GLOBAL SELECT MARKET)",XNGS,40203010,US6658591044,665859104,NTRS
"COLGATE-PALMOLIVE CO",USD,"NEW YORK STOCK EXCHANGE INC.",XNYS,30301010,US1941621039,194162103,CL
"MASSEY ENERGY CO",USD,"NEW YORK STOCK EXCHANGE INC.",XNYS,10102050,US5762061068,576206106,MEE
"NORFOLK SOUTHERN CORP",USD,"NEW YORK STOCK EXCHANGE INC.",XNYS,20304010,US6558441084,655844108,NSC
"GAMESTOP CORP-CLASS A",USD,"NEW YORK STOCK EXCHANGE INC.",XNYS,25504020,US36467W1099,36467W109,GME
"DTE ENERGY COMPANY",USD,"NEW YORK STOCK EXCHANGE INC.",XNYS,55103010,US2333311072,233331107,DTE
"MEADWESTVACO CORP",USD,"NEW YORK STOCK EXCHANGE INC.",XNYS,15105020,US5833341077,583334107,MWV
"ECOLAB INC",USD,"NEW YORK STOCK EXCHANGE INC.",XNYS,15101050,US2788651006,278865100,ECL
"CHEVRON CORP",USD,"NEW YORK STOCK EXCHANGE INC.",XNYS,10102010,US1667641005,166764100,CVX
"TENET HEALTHCARE CORP",USD,"NEW YORK STOCK EXCHANGE INC.",XNYS,35102020,US88033G1004,88033G100,THC
"CINCINNATI FINANCIAL CORP",USD,"NASDAQ/NGS (GLOBAL SELECT MARKET)",XNGS,40301040,US1720621010,172062101,CINF
"MEREDITH CORP",USD,"NEW YORK STOCK EXCHANGE INC.",XNYS,25401040,US5894331017,589433101,MDP
"STAPLES INC",USD,"NASDAQ/NGS (GLOBAL SELECT MARKET)",XNGS,25504040,US8550301027,855030102,SPLS
"EXPRESS SCRIPTS INC",USD,"NASDAQ/NGS (GLOBAL SELECT MARKET)",XNGS,35102015,US3021821000,302182100,ESRX
"MCDONALD'S CORP",USD,"NEW YORK STOCK EXCHANGE INC.",XNYS,25301040,US5801351017,580135101,MCD
"POLO RALPH LAUREN CORP",USD,"NEW YORK STOCK EXCHANGE INC.",XNYS,25203010,US7315721032,731572103,RL
"CME GROUP INC",USD,"NASDAQ/NGS (GLOBAL SELECT MARKET)",XNGS,40201040,US12572Q1058,12572Q105,CME
"DARDEN RESTAURANTS INC",USD,"NEW YORK STOCK EXCHANGE INC.",XNYS,25301040,US2371941053,237194105,DRI
"ILLINOIS TOOL WORKS",USD,"NEW YORK STOCK EXCHANGE INC.",XNYS,20106020,US4523081093,452308109,ITW
"ALTERA CORPORATION",USD,"NASDAQ/NGS (GLOBAL SELECT MARKET)",XNGS,45301020,US0214411003,021441100,ALTR
"SCANA CORP",USD,"NEW YORK STOCK EXCHANGE INC.",XNYS,55103010,US80589M1027,80589M102,SCG
"DANAHER CORP",USD,"NEW YORK STOCK EXCHANGE INC.",XNYS,20106020,US2358511028,235851102,DHR
"EATON CORP",USD,"NEW YORK STOCK EXCHANGE INC.",XNYS,20106020,US2780581029,278058102,ETN
"NUCOR CORP",USD,"NEW YORK STOCK EXCHANGE INC.",XNYS,15104050,US6703461052,670346105,NUE
"UNION PACIFIC CORP",USD,"NEW YORK STOCK EXCHANGE INC.",XNYS,20304010,US9078181081,907818108,UNP
"PROGRESS ENERGY INC",USD,"NEW YORK STOCK EXCHANGE INC.",XNYS,55101010,US7432631056,743263105,PGN
"HARRIS CORP",USD,"NEW YORK STOCK EXCHANGE INC.",XNYS,45201020,US4138751056,413875105,HRS
"MOLEX INC",USD,"NASDAQ/NGS (GLOBAL SELECT MARKET)",XNGS,45203020,US6085541018,608554101,MOLX
"PARKER HANNIFIN CORP",USD,"NEW YORK STOCK EXCHANGE INC.",XNYS,20106020,US7010941042,701094104,PH
"SPECTRA ENERGY CORP",USD,"NEW YORK STOCK EXCHANGE INC.",XNYS,10102040,US8475601097,847560109,SE
"HEALTH CARE REIT INC",USD,"NEW YORK STOCK EXCHANGE INC.",XNYS,40402070,US42217K1060,42217K106,HCN
"PFIZER INC",USD,"NEW YORK STOCK EXCHANGE INC.",XNYS,35202010,US7170811035,717081103,PFE
"WILLIAMS COS INC",USD,"NEW YORK STOCK EXCHANGE INC.",XNYS,10102040,US9694571004,969457100,WMB
"JM SMUCKER CO/THE",USD,"NEW YORK STOCK EXCHANGE INC.",XNYS,30202030,US8326964058,832696405,SJM
"ALLERGAN INC",USD,"NEW YORK STOCK EXCHANGE INC.",XNYS,35202010,US0184901025,018490102,AGN
"LORILLARD INC",USD,"NEW YORK STOCK EXCHANGE INC.",XNYS,30203010,US5441471019,544147101,LO
"CR BARD INC",USD,"NEW YORK STOCK EXCHANGE INC.",XNYS,35101010,US0673831097,067383109,BCR
"CAPITAL ONE FINANCIAL CORP",USD,"NEW YORK STOCK EXCHANGE INC.",XNYS,40202010,US14040H1059,14040H105,COF
"NETAPP INC",USD,"NASDAQ/NGS (GLOBAL SELECT MARKET)",XNGS,45202020,US64110D1046,64110D104,NTAP
"XILINX INC",USD,"NASDAQ/NGS (GLOBAL SELECT MARKET)",XNGS,45301020,US9839191015,983919101,XLNX
"PNC FINANCIAL SERVICES GROUP",USD,"NEW YORK STOCK EXCHANGE INC.",XNYS,40101015,US6934751057,693475105,PNC
"PACTIV CORPORATION",USD,"NEW YORK STOCK EXCHANGE INC.",XNYS,15103010,US6952571056,695257105,PTV
"MEAD JOHNSON NUTRITION CO",USD,"NEW YORK STOCK EXCHANGE INC.",XNYS,30202030,US5828391061,582839106,MJN
"TESORO CORP",USD,"NEW YORK STOCK EXCHANGE INC.",XNYS,10102030,US8816091016,881609101,TSO
"CHUBB CORP",USD,"NEW YORK STOCK EXCHANGE INC.",XNYS,40301040,US1712321017,171232101,CB
"KROGER CO",USD,"NEW YORK STOCK EXCHANGE INC.",XNYS,30101030,US5010441013,501044101,KR
"J.C. PENNEY CO INC",USD,"NEW YORK STOCK EXCHANGE INC.",XNYS,25503010,US7081601061,708160106,JCP
"WYNDHAM WORLDWIDE CORP",USD,"NEW YORK STOCK EXCHANGE INC.",XNYS,25301020,US98310W1080,98310W108,WYN
"CHESAPEAKE ENERGY CORP",USD,"NEW YORK STOCK EXCHANGE INC.",XNYS,10102020,US1651671075,165167107,CHK
"COMCAST CORP-CLASS A",USD,"NASDAQ/NGS (GLOBAL SELECT MARKET)",XNGS,25401025,US20030N1019,20030N101,CMCSA
"GAP INC/THE",USD,"NEW YORK STOCK EXCHANGE INC.",XNYS,25504010,US3647601083,364760108,GPS
"ELI LILLY & CO",USD,"NEW YORK STOCK EXCHANGE INC.",XNYS,35202010,US5324571083,532457108,LLY
"NISOURCE INC",USD,"NEW YORK STOCK EXCHANGE INC.",XNYS,55103010,US65473P1057,65473P105,NI
"QLOGIC CORP",USD,"NASDAQ/NGS (GLOBAL SELECT MARKET)",XNGS,45202020,US7472771010,747277101,QLGC
"UNITEDHEALTH GROUP INC",USD,"NEW YORK STOCK EXCHANGE INC.",XNYS,35102030,US91324P1021,91324P102,UNH
"PRINCIPAL FINANCIAL GROUP",USD,"NEW YORK STOCK EXCHANGE INC.",XNYS,40301020,US74251V1026,74251V102,PFG
"EASTMAN KODAK CO",USD,"NEW YORK STOCK EXCHANGE INC.",XNYS,25202020,US2774611097,277461109,EK
"NORTHEAST UTILITIES",USD,"NEW YORK STOCK EXCHANGE INC.",XNYS,55101010,US6643971061,664397106,NU
"SUPERVALU INC",USD,"NEW YORK STOCK EXCHANGE INC.",XNYS,30101030,US8685361037,868536103,SVU
"NATIONAL OILWELL VARCO INC",USD,"NEW YORK STOCK EXCHANGE INC.",XNYS,10101020,US6370711011,637071101,NOV
"CA INC",USD,"NASDAQ/NGS (GLOBAL SELECT MARKET)",XNGS,45103020,US12673P1057,12673P105,CA
"PATTERSON COS INC",USD,"NASDAQ/NGS (GLOBAL SELECT MARKET)",XNGS,35102010,US7033951036,703395103,PDCO
"FISERV INC",USD,"NASDAQ/NGS (GLOBAL SELECT MARKET)",XNGS,45102020,US3377381088,337738108,FISV
"FLOWSERVE CORP",USD,"NEW YORK STOCK EXCHANGE INC.",XNYS,20106020,US34354P1057,34354P105,FLS
"KIMCO REALTY CORP",USD,"NEW YORK STOCK EXCHANGE INC.",XNYS,40402060,US49446R1095,49446R109,KIM
"EL PASO CORP",USD,"NEW YORK STOCK EXCHANGE INC.",XNYS,10102040,US28336L1098,28336L109,EP
"HARTFORD FINANCIAL SVCS GRP",USD,"NEW YORK STOCK EXCHANGE INC.",XNYS,40301030,US4165151048,416515104,HIG
"AIR PRODUCTS & CHEMICALS INC",USD,"NEW YORK STOCK EXCHANGE INC.",XNYS,15101040,US0091581068,009158106,APD
"DOVER CORP",USD,"NEW YORK STOCK EXCHANGE INC.",XNYS,20106020,US2600031080,260003108,DOV
"KIMBERLY-CLARK CORP",USD,"NEW YORK STOCK EXCHANGE INC.",XNYS,30301010,US4943681035,494368103,KMB
"SARA LEE CORP",USD,"NEW YORK STOCK EXCHANGE INC.",XNYS,30202030,US8031111037,803111103,SLE
"SUNOCO INC",USD,"NEW YORK STOCK EXCHANGE INC.",XNYS,10102030,US86764P1093,86764P109,SUN
"ZIONS BANCORPORATION",USD,"NASDAQ/NGS (GLOBAL SELECT MARKET)",XNGS,40101015,US9897011071,989701107,ZION
"REYNOLDS AMERICAN INC",USD,"NEW YORK STOCK EXCHANGE INC.",XNYS,30203010,US7617131062,761713106,RAI
"EMC CORP/MASS",USD,"NEW YORK STOCK EXCHANGE INC.",XNYS,45202020,US2686481027,268648102,EMC
"SCHWAB (CHARLES) CORP",USD,"NEW YORK STOCK EXCHANGE INC.",XNYS,40203020,US8085131055,808513105,SCHW
"VERISIGN INC",USD,"NASDAQ/NGS (GLOBAL SELECT MARKET)",XNGS,45101010,US92343E1029,92343E102,VRSN
"VARIAN MEDICAL SYSTEMS INC",USD,"NEW YORK STOCK EXCHANGE INC.",XNYS,35101010,US92220P1057,92220P105,VAR
"WHOLE FOODS MARKET INC",USD,"NASDAQ/NGS (GLOBAL SELECT MARKET)",XNGS,30101030,US9668371068,966837106,WFMI
"DEVRY INC",USD,"NEW YORK STOCK EXCHANGE INC.",XNYS,25302010,US2518931033,251893103,DV
"ROPER INDUSTRIES INC",USD,"NEW YORK STOCK EXCHANGE INC.",XNYS,20104010,US7766961061,776696106,ROP
"C.H. ROBINSON WORLDWIDE INC",USD,"NASDAQ/NGS (GLOBAL SELECT MARKET)",XNGS,20301010,US12541W2098,12541W209,CHRW
"INTEL CORP",USD,"NASDAQ/NGS (GLOBAL SELECT MARKET)",XNGS,45301020,US4581401001,458140100,INTC
"ESTEE LAUDER COMPANIES-CL A",USD,"NEW YORK STOCK EXCHANGE INC.",XNYS,30302010,US5184391044,518439104,EL
"HONEYWELL INTERNATIONAL INC",USD,"NEW YORK STOCK EXCHANGE INC.",XNYS,20101010,US4385161066,438516106,HON
"GILEAD SCIENCES INC",USD,"NASDAQ/NGS (GLOBAL SELECT MARKET)",XNGS,35201010,US3755581036,375558103,GILD
"ALLEGHENY ENERGY INC",USD,"NEW YORK STOCK EXCHANGE INC.",XNYS,55101010,US0173611064,017361106,AYE
"EMERSON ELECTRIC CO",USD,"NEW YORK STOCK EXCHANGE INC.",XNYS,20104010,US2910111044,291011104,EMR
"HESS CORP",USD,"NEW YORK STOCK EXCHANGE INC.",XNYS,10102010,US42809H1077,42809H107,HES
"ZIMMER HOLDINGS INC",USD,"NEW YORK STOCK EXCHANGE INC.",XNYS,35101010,US98956P1021,98956P102,ZMH
"WYNN RESORTS LTD",USD,"NASDAQ/NGS (GLOBAL SELECT MARKET)",XNGS,25301010,US9831341071,983134107,WYNN
"PROGRESSIVE CORP",USD,"NEW YORK STOCK EXCHANGE INC.",XNYS,40301040,US7433151039,743315103,PGR
"PRICELINE.COM INC",USD,"NASDAQ/NGS (GLOBAL SELECT MARKET)",XNGS,25502020,US7415034039,741503403,PCLN
"BROADCOM CORP-CL A",USD,"NASDAQ/NGS (GLOBAL SELECT MARKET)",XNGS,45301020,US1113201073,111320107,BRCM
"ROSS STORES INC",USD,"NASDAQ/NGS (GLOBAL SELECT MARKET)",XNGS,25504010,US7782961038,778296103,ROST
"AMERIPRISE FINANCIAL INC",USD,"NEW YORK STOCK EXCHANGE INC.",XNYS,40203010,US03076C1062,03076C106,AMP
"FIRST HORIZON NATIONAL CORP",USD,"NEW YORK STOCK EXCHANGE INC.",XNYS,40101015,US3205171057,320517105,FHN
"WALGREEN CO",USD,"NEW YORK STOCK EXCHANGE INC.",XNYS,30101010,US9314221097,931422109,WAG
"PROCTER & GAMBLE CO/THE",USD,"NEW YORK STOCK EXCHANGE INC.",XNYS,30301010,US7427181091,742718109,PG
"CONSTELLATION BRANDS INC-A",USD,"NEW YORK STOCK EXCHANGE INC.",XNYS,30201020,US21036P1084,21036P108,STZ
"URBAN OUTFITTERS INC",USD,"NASDAQ/NGS (GLOBAL SELECT MARKET)",XNGS,25504010,US9170471026,917047102,URBN
"APOLLO GROUP INC-CL A",USD,"NASDAQ/NGS (GLOBAL SELECT MARKET)",XNGS,25302010,US0376041051,037604105,APOL
"QUALCOMM INC",USD,"NASDAQ/NGS (GLOBAL SELECT MARKET)",XNGS,45201020,US7475251036,747525103,QCOM
"BOEING CO/THE",USD,"NEW YORK STOCK EXCHANGE INC.",XNYS,20101010,US0970231058,097023105,BA
"JUNIPER NETWORKS INC",USD,"NEW YORK STOCK EXCHANGE INC.",XNYS,45201020,US48203R1041,48203R104,JNPR
"CMS ENERGY CORP",USD,"NEW YORK STOCK EXCHANGE INC.",XNYS,55103010,US1258961002,125896100,CMS
"GOODYEAR TIRE & RUBBER CO",USD,"NEW YORK STOCK EXCHANGE INC.",XNYS,25101020,US3825501014,382550101,GT
"TIFFANY & CO",USD,"NEW YORK STOCK EXCHANGE INC.",XNYS,25504040,US8865471085,886547108,TIF
"AMERICAN EXPRESS CO",USD,"NEW YORK STOCK EXCHANGE INC.",XNYS,40202010,US0258161092,025816109,AXP
"SOUTHERN CO",USD,"NEW YORK STOCK EXCHANGE INC.",XNYS,55101010,US8425871071,842587107,SO
"CAMERON INTERNATIONAL CORP",USD,"NEW YORK STOCK EXCHANGE INC.",XNYS,10101020,US13342B1052,13342B105,CAM
"PLUM CREEK TIMBER CO",USD,"NEW YORK STOCK EXCHANGE INC.",XNYS,40402070,US7292511083,729251108,PCL
"DAVITA INC",USD,"NEW YORK STOCK EXCHANGE INC.",XNYS,35102015,US23918K1088,23918K108,DVA
"INTL BUSINESS MACHINES CORP",USD,"NEW YORK STOCK EXCHANGE INC.",XNYS,45102010,US4592001014,459200101,IBM
"EQUIFAX INC",USD,"NEW YORK STOCK EXCHANGE INC.",XNYS,20202020,US2944291051,294429105,EFX
"SCRIPPS NETWORKS INTER-CL A",USD,"NEW YORK STOCK EXCHANGE INC.",XNYS,25401020,US8110651010,811065101,SNI
"WALT DISNEY CO/THE",USD,"NEW YORK STOCK EXCHANGE INC.",XNYS,25401030,US2546871060,254687106,DIS
"TELLABS INC",USD,"NASDAQ/NGS (GLOBAL SELECT MARKET)",XNGS,45201020,US8796641004,879664100,TLAB
"DENBURY RESOURCES INC",USD,"NEW YORK STOCK EXCHANGE INC.",XNYS,10102020,US2479162081,247916208,DNR
"ENTERGY CORP",USD,"NEW YORK STOCK EXCHANGE INC.",XNYS,55101010,US29364G1031,29364G103,ETR
"CELGENE CORP",USD,"NASDAQ/NGS (GLOBAL SELECT MARKET)",XNGS,35201010,US1510201049,151020104,CELG
"TARGET CORP",USD,"NEW YORK STOCK EXCHANGE INC.",XNYS,25503020,US87612E1064,87612E106,TGT
"PALL CORP",USD,"NEW YORK STOCK EXCHANGE INC.",XNYS,20106020,US6964293079,696429307,PLL
"MERCK & CO. INC.",USD,"NEW YORK STOCK EXCHANGE INC.",XNYS,35202010,US58933Y1055,58933Y105,MRK
"INTUIT INC",USD,"NASDAQ/NGS (GLOBAL SELECT MARKET)",XNGS,45103010,US4612021034,461202103,INTU
"HELMERICH & PAYNE",USD,"NEW YORK STOCK EXCHANGE INC.",XNYS,10101010,US4234521015,423452101,HP
"DUKE ENERGY CORP",USD,"NEW YORK STOCK EXCHANGE INC.",XNYS,55101010,US26441C1053,26441C105,DUK
"MARRIOTT INTERNATIONAL-CL A",USD,"NEW YORK STOCK EXCHANGE INC.",XNYS,25301020,US5719032022,571903202,MAR
"CARNIVAL CORP",USD,"NEW YORK STOCK EXCHANGE INC.",XNYS,25301020,PA1436583006,143658300,CCL
"TITANIUM METALS CORP",USD,"NEW YORK STOCK EXCHANGE INC.",XNYS,15104020,US8883392073,888339207,TIE
"DISCOVER FINANCIAL SERVICES",USD,"NEW YORK STOCK EXCHANGE INC.",XNYS,40202010,US2547091080,254709108,DFS
"OFFICE DEPOT INC",USD,"NEW YORK STOCK EXCHANGE INC.",XNYS,25504040,US6762201068,676220106,ODP
"BMC SOFTWARE INC",USD,"NASDAQ/NGS (GLOBAL SELECT MARKET)",XNGS,45103020,US0559211000,055921100,BMC
"CISCO SYSTEMS INC",USD,"NASDAQ/NGS (GLOBAL SELECT MARKET)",XNGS,45201020,US17275R1023,17275R102,CSCO
"CITIGROUP INC",USD,"NEW YORK STOCK EXCHANGE INC.",XNYS,40201020,US1729671016,172967101,C
"FANNIE MAE",USD,"OTC BULLETIN BOARD",XOTC,40102010,US3135861090,313586109,FNMA
"AT&T INC",USD,"NEW YORK STOCK EXCHANGE INC.",XNYS,50101020,US00206R1023,00206R102,T
"BANK OF AMERICA CORP",USD,"NEW YORK STOCK EXCHANGE INC.",XNYS,40201020,US0605051046,060505104,BAC
"ABB LTD-SPON ADR",USD,"NEW YORK STOCK EXCHANGE INC.",XNYS,20104020,US0003752047,000375204,ABB
"COGNIZANT TECH SOLUTIONS-A",USD,"NASDAQ/NGS (GLOBAL SELECT MARKET)",XNGS,45102010,US1924461023,192446102,CTSH
"GENERAL DYNAMICS CORP",USD,"NEW YORK STOCK EXCHANGE INC.",XNYS,20101010,US3695501086,369550108,GD
"MARATHON OIL CORP",USD,"NEW YORK STOCK EXCHANGE INC.",XNYS,10102010,US5658491064,565849106,MRO
"BIG LOTS INC",USD,"NEW YORK STOCK EXCHANGE INC.",XNYS,25503020,US0893021032,089302103,BIG
"T ROWE PRICE GROUP INC",USD,"NASDAQ/NGS (GLOBAL SELECT MARKET)",XNGS,40203010,US74144T1088,74144T108,TROW
"ORACLE CORP",USD,"NASDAQ/NGS (GLOBAL SELECT MARKET)",XNGS,45103020,US68389X1054,68389X105,ORCL
"FREEPORT-MCMORAN COPPER",USD,"NEW YORK STOCK EXCHANGE INC.",XNYS,15104020,US35671D8570,35671D857,FCX
"UNITED STATES STEEL CORP",USD,"NEW YORK STOCK EXCHANGE INC.",XNYS,15104050,US9129091081,912909108,X
"MICROSOFT CORP",USD,"NASDAQ/NGS (GLOBAL SELECT MARKET)",XNGS,45103020,US5949181045,594918104,MSFT
"NOKIA CORP-SPON ADR",USD,"NEW YORK STOCK EXCHANGE INC.",XNYS,45201020,US6549022043,654902204,NOK
"JDS UNIPHASE CORP",USD,"NASDAQ/NGS (GLOBAL SELECT MARKET)",XNGS,45201020,US46612J5074,46612J507,JDSU
"NVIDIA CORP",USD,"NASDAQ/NGS (GLOBAL SELECT MARKET)",XNGS,45301020,US67066G1040,67066G104,NVDA
"GENERAL MILLS INC",USD,"NEW YORK STOCK EXCHANGE INC.",XNYS,30202030,US3703341046,370334104,GIS
"KELLOGG CO",USD,"NEW YORK STOCK EXCHANGE INC.",XNYS,30202030,US4878361082,487836108,K
"RESEARCH IN MOTION",USD,"NASDAQ/NGS (GLOBAL SELECT MARKET)",XNGS,45201020,CA7609751028,760975102,RIMM
"APPLE INC",USD,"NASDAQ/NGS (GLOBAL SELECT MARKET)",XNGS,45202010,US0378331005,037833100,AAPL
"TIBCO SOFTWARE INC",USD,"NASDAQ/NGS (GLOBAL SELECT MARKET)",XNGS,45103010,US88632Q1031,88632Q103,TIBX
"BB&T CORP",USD,"NEW YORK STOCK EXCHANGE INC.",XNYS,40101015,US0549371070,054937107,BBT
"PAYCHEX INC",USD,"NASDAQ/NGS (GLOBAL SELECT MARKET)",XNGS,45102020,US7043261079,704326107,PAYX
"UNILIFE CORP",USD,"NASDAQ/NMS (GLOBAL MARKET)",XNMS,35101020,US90478E1038,90478E103,UNIS
"EXELON CORP",USD,"NEW YORK STOCK EXCHANGE INC.",XNYS,55101010,US30161N1019,30161N101,EXC
"ATLANTIC COAST FINANCIAL COR",USD,"NASDAQ/NMS (GLOBAL MARKET)",XNMS,40102010,US0484261005,048426100,ACFC
