MIC,INSTITUTION DESCRIPTION,CC,COUNTRY,CITY,ACR,Date,STATUS
360T,360T,DE,GERMANY,FRANKFURT, ,September 2007,Active
AATS,ASSENT ATS,US,UNITED STATES OF AMERICA,JERSEY CITY,,October 2011,Active
ACEX,ACE DERIVATIVES & COMMODITY EXCHANGE LTD,IN,INDIA,MUMBAI,,April 2011,Active
AFET,AGRICULTURAL FUTURES EXCHANGE OF THAILAND,TH,THAILAND,BANGKOK,,January 2008,Active
ALDP,NYSE ALTERNEXT DARK,US,UNITED STATES OF AMERICA,NEW YORK,AMEXDARK,May 2011,Active
ALTX,ALTERNATIVE EXCHANGE,ZA,SOUTH AFRICA,JOHANNESBURG,ALTX,August 2006,Active
ALXA,NYSE EURONEXT - ALTERNEXT AMSTERDAM,NL,THE NETHERLANDS,AMSTERDAM, ,August 2007,Active
ALXB,NYSE EURONEXT - ALTERNEXT BRUSSELS,BE,BELGIUM,BRUSSELS, ,August 2007,Active
ALXL,NYSE EURONEXT - ALTERNEXT LISBON,PT,PORTUGAL,LISBON, ,May 2011,Active
ALXP,NYSE EURONEXT - ALTERNEXT PARIS,FR,FRANCE,PARIS, ,August 2007,Active
AMTS,MTS NETHERLANDS,GB,UNITED KINGDOM,LONDON, ,February 2011,Active
AMXO,NYSE AMEX OPTIONS,US,UNITED STATES OF AMERICA,NEW YORK,NYSE,November 2008,Active
APXL,ASIA PACIFIC EXCHANGE LIMITED,AU,AUSTRALIA,SYDNEY,,August 2011,Active
AQUA,AQUA EQUITIES L.P.,US,UNITED STATES OF AMERICA,NEW YORK,,September 2008,Active
ARCD,ARCA DARK,US,UNITED STATES OF AMERICA,NEW YORK,ARCADARK,May 2011,Active
ARCO,NYSE ARCA OPTIONS,US,UNITED STATES OF AMERICA,NEW YORK,,October 2009,Active
ARCX,NYSE ARCA,US,UNITED STATES OF AMERICA,NEW YORK,NYSE,September 2006,Active
ASXC,ASX - CENTER POINT,AU,AUSTRALIA,SYDNEY,,August 2011,Active
ASXP,ASX - PUREMATCH,AU,AUSTRALIA,SYDNEY,,August 2011,Active
ASXV,ASX - VOLUMEMATCH,AU,AUSTRALIA,SYDNEY,,August 2011,Active
AWBX,AUSTRALIAN WHEAT BOARD,AU,AUSTRALIA,MELBOURNE,AWB,September 2006,Active
AWEX,AUSTRALIAN WOOL EXCHANGE,AU,AUSTRALIA,LANE COVE,AWEX,September 2006,Active
BACE,BOLSA DE CEREALES DE BUENOS AIRES,AR,ARGENTINA,BUENOS AIRES,,January 2011,Active
BALT,THE BALTIC EXCHANGE,GB,UNITED KINGDOM,LONDON,,November 2008,Active
BAML,BANK OF AMERICA - MERRILL LYNCH ATS,US,UNITED STATES OF AMERICA,NEW YORK,,October 2010,Active
BAPX,BALTPOOL,LT,LITHUANIA,VILNIUS,,March 2010,Active
BARD,BARCLAYS LX,US,UNITED STATES OF AMERICA,NEW YORK,BCAP LX,May 2011,Active
BARX,BARCLAY'S ATS,US,UNITED STATES OF AMERICA,NEW YORK,,January 2010,Active
BATE,BATS EUROPE,GB,UNITED KINGDOM,LONDON,,November 2008,Active
BATO,BATS EXCHANGE OPTIONS MARKET,US,UNITED STATES OF AMERICA,NEW YORK,BATS,November 2009,Active
BATS,BATS EXCHANGE,US,UNITED STATES OF AMERICA,NEW YORK,BATS,November 2008,Active
BATY,"BATS Y-EXCHANGE, INC.",US,UNITED STATES OF AMERICA,NEW YORK,BATS,November 2009,Active
BCFS,BOLSA DE COMERCIO DE SANTA FE,AR,ARGENTINA,SANTA FE,,November 2007,Active
BCMM,BOLSA DE CEREAIS A MERCADORIAS DE MARINGA,BR,BRAZIL,MARINGA,,December 2010,Active
BCSE,BELARUS CURRENCY AND STOCK EXCHANGE,BY,BELARUS,MINSK,BCSE,August 2006,Active
BEEX,BOND ELECTRONIC EXCHANGE,TH,THAILAND,BANGKOK,,November 2007,Active
BERA,BOERSE BERLIN - REGULIERTER MARKT,DE,GERMANY,BERLIN,,February 2008,Active
BERB,BOERSE BERLIN - FREIVERKEHR,DE,GERMANY,BERLIN,,February 2008,Active
BERC,BOERSE BERLIN - BERLIN SECOND REGULATED MARKET,DE,GERMANY,BERLIN,,August 2010,Active
BFEX,BAHRAIN FINANCIAL EXCHANGE,BH,BAHRAIN,MANAMA,,October 2010,Active
BGCF,BGC FINANCIAL INC,US,UNITED STATES OF AMERICA,NEW YORK,,September 2007,Active
BGCI,BGC BROKERS LP,GB,UNITED KINGDOM,LONDON, ,October 2007,Active
BIDS,BIDS TRADING L.P.,US,UNITED STATES OF AMERICA,NEW YORK,BIDS,February 2007,Active
BLKX,BLOCKCROSS,GB,UNITED KINGDOM,LONDON,,July 2009,Active
BLNK,BLINK,GB,UNITED KINGDOM,LONDON,,September 2009,Active
BLOX,BLOCKMATCH,GB,UNITED KINGDOM,LONDON, ,November 2007,Active
BLPX,BELGIAN POWER EXCHANGE,BE,BELGIUM,BRUSSELS,BLPX,November 2007,Active
BLTD,BLOOMBERG TRADEBOOK LLC,US,UNITED STATES OF AMERICA,NEW YORK,,November 2007,Active
BMFA,BMFMS-ATS,RO,ROMANIA,SIBIU,,October 2010,Active
BMFM,DERIVATIVES REGULATED MARKET - BMFMS,RO,ROMANIA,SIBIU,BMFMS,May 2010,Active
BMFX,SIBIU MONETARY- FINANCIAL AND COMMODITIES EXCHANGE,RO,ROMANIA,SIBIU,,July 2010,Active
BMTS,MTS BELGIUM,BE,BELGIUM,BRUSSELS, ,November 2005,Active
BNDD,BONDDESK,US,UNITED STATES OF AMERICA,MILL VALLEY, ,August 2007,Active
BOAT,MARKIT BOAT,GB,UNITED KINGDOM,LONDON,,June 2008,Active
BOND,BONDVISION,IT,ITALY,ROMA, ,November 2005,Active
BOSC,BONDSCAPE,GB,UNITED KINGDOM,LONDON, ,November 2007,Active
BOSD,NASDAQ OMX BX DARK,US,UNITED STATES OF AMERICA,BOSTON,NQBXDARK,May 2011,Active
BOSP,BONDSPOT MTF,PL,POLAND,WARSZAWA, ,July 2010,Active
BOVA,BOLSA DE CORREDORES - BOLSA DE VALORES,CL,CHILE,VALPARAISO,,December 2010,Active
BOVM,BOLSA DE VALORES MINAS,BR,BRAZIL,ESPIRITO SANTO,,December 2010,Active
BRIX,BRAZILIAN ENERGY EXCHANGE,BR,BRAZIL,SAO PAULO,,May 2011,Active
BSEX,BAKU STOCK EXCHANGE,AZ,AZERBAIJAN ,BAKU, ,September 2007,Active
BTEC,ICAP ELECTRONIC BROKING (US),US,UNITED STATES OF AMERICA,JERSEY CITY, ,June 2007,Active
BTEE,ICAP ELECTRONIC BROKING (EUROPE),GB,UNITED KINGDOM,LONDON, ,June 2007,Active
BURG,BURGUNDY NORDIC MTF,SE,SWEDEN,STOCKHOLM,,April 2009,Active
BURM,BURGUNDY REGULATED MARKET,SE,SWEDEN,STOCKHOLM,,July 2010,Active
BVCA,BOLSA ELECTRONICA DE VALORES DE CARACAS,VE,VENEZUELA,CARACAS,,May 2008,Active
BVMF,"BM&FBOVESPA S.A. - BOLSA DE VALORES, MERCADORIAS E FUTUROS",BR,BRAZIL,SAO PAULO,,April 2010,Active
BVUR,BOLSA ELECTRONICA DE VALORES DEL URUGUAY,UY,URUGUAY,MONTEVIDEO,,December 2009,Active
C2OX,C2 OPTIONS EXCHANGE INC.,US,UNITED STATES OF AMERICA,CHICAGO,,May 2009,Active
CAES,CREDIT SUISSE AES CROSSFINDER,US,UNITED STATES OF AMERICA,NEW YORK,,September 2009,Active
CANX,CANNEX FINANCIAL EXCHANGE LTS,CA,CANADA,TORONTO,CANNEX,June 2005,Active
CATS,CATS,DE,GERMANY,FRANKFURT, ,November 2010,Active
CAZE,THE CAZENOVE MTF,GB,UNITED KINGDOM,LONDON, ,November 2007,Active
CBSX,CBOE STOCK EXCHANGE,US,UNITED STATES OF AMERICA,CHICAGO,CBSX,July 2008,Active
CCFE,CHICAGO CLIMATE FUTURES EXCHANGE,US,UNITED STATES OF AMERICA,CHICAGO, ,June 2007,Active
CCFX,CHINA FINANCIAL FUTURES EXCHANGE ,CN,CHINA,SHANGHAI,,September 2007,Active
CCLX,FINESTI S.A.,LU,LUXEMBOURG,LUXEMBOURG,CCLux,April 2009,Active
CCO2,CANTORCO2E.COM LIMITED,GB,UNITED KINGDOM,LONDON, ,July 2007,Active
CDED,CITADEL DARK,US,UNITED STATES OF AMERICA,NEW YORK, ,May 2011,Active
CDEL,CITADEL SECURITIES ATS,US,UNITED STATES OF AMERICA,NEW YORK, ,May 2011,Active
CETI,CETIP SA - BALCAO ORGANIZADO DE ATIVOS E DERIVATIVOS,BR,BRAZIL,RIO DE JANEIRO,,September 2009,Active
CHIA,CHI-X AUSTRALIA,AU,AUSTRALIA,SYDNEY,,April 2010,Active
CHIC,CHI-X CANADA ATS,CA,CANADA,TORONTO,,February 2008,Active
CHIE,CHI-EAST,SG,SINGAPORE,SINGAPORE,,December 2009,Active
CHIJ,CHI-X JAPAN,JP,JAPAN,TOKYO,,February 2010,Active
CHIX,CHI-X EUROPE LIMITED.,GB,UNITED KINGDOM,LONDON,CHI-X,October 2007,Active
CHIY,CHI-X EUROPE LIMITED - CHI-CLEAR,GB,UNITED KINGDOM,LONDON,,July 2010,Active
CITD,CITI DARK,JP,JAPAN,TOKYO,,May 2011,Active
CITX,CITI MATCH,JP,JAPAN,TOKYO,,July 2009,Active
CLMX,CLIMEX,NL,THE NETHERLANDS,UTRECHT, ,July 2009,Active
CMTS,EUROCREDIT MTS,GB,UNITED KINGDOM,LONDON, ,November 2005,Active
COAL,LA COTE ALPHA,FR,FRANCE,PARIS, ,September 2011,Active
CSLP,CREDIT SUISSE LIGHT POOL,US,UNITED STATES OF AMERICA,NEW YORK,,May 2010,Active
CXRT,CREDITEX REALTIME,GB,UNITED KINGDOM,LONDON, ,September 2007,Active
DAMP,GXG MARKETS A/S,DK,DENMARK,COPENHAGEN,Dansk AMP,March 2011,Active
DBHK,DEUTSCHE BANK HONG KONG ATS,HK,HONG KONG,HONG KONG, ,September 2010,Active
DBOX,DEUTSCHE BANK OFF EXCHANGE TRADING,DE,GERMANY,FRANKFURT, ,February 2010,Active
DBSX,DEUTSCHE BANK ATS,US,UNITED STATES OF AMERICA,NEW YORK, ,April 2011,Active
DEAL,DEAL-X,US,UNITED STATES OF AMERICA,NEW YORK, ,August 2011,Active
DGCX,DUBAI GOLD & COMMODITIES EXCHANGE DMCC,AE,UNITED ARAB EMIRATES ,DUBAI,DGCX,December 2005,Active
DIFX,NASDAQ DUBAI,AE,UNITED ARAB EMIRATES ,DUBAI,DIFX,December 2008,Active
DKTC,DANSK OTC,DK,DENMARK,HORSENS, ,September 2007,Active
DSMD,QATAR EXCHANGE,QA,QATAR,DOHA,DSM,November 2009,Active
DUMX,DUBAI MERCANTILE EXCHANGE,AE,UNITED ARAB EMIRATES ,DUBAI, ,July 2007,Active
DUSA,BOERSE DUESSELDORF - REGULIERTER MARKT,DE,GERMANY,DUESSELDORF,,February 2008,Active
DUSB,BOERSE DUESSELDORF - FREIVERKEHR,DE,GERMANY,DUESSELDORF,,February 2008,Active
DUSC,BOERSE DUESSELDORF - QUOTRIX - REGULIERTER MARKT,DE,GERMANY,DUESSELDORF,,August 2008,Active
DUSD,BOERSE DUESSELDORF - QUOTRIX MTF,DE,GERMANY,DUESSELDORF,,August 2008,Active
ECAG,EUREX CLEARING AG,DE,GERMANY,FRANKFURT, ,November 2005,Active
ECXE,EUROPEAN CLIMATE EXCHANGE,NL,THE NETHERLANDS,AMSTERDAM,,September 2008,Active
EDDP,DIRECT EDGE X DARK,US,UNITED STATES OF AMERICA,JERSEY CITY,EDGXDARK,May 2011,Active
EDGA,EDGA EXCHANGE,US,UNITED STATES OF AMERICA,JERSEY CITY, ,May 2010,Active
EDGD,DIRECT EDGE A DARK,US,UNITED STATES OF AMERICA,JERSEY CITY,EDGADARK,May 2011,Active
EDGX,EDGX EXCHANGE,US,UNITED STATES OF AMERICA,JERSEY CITY, ,May 2010,Active
EESE,EAST EUROPEAN STOCK EXCHANGE,UA,UKRAINE,KIEV,,May 2010,Active
EMDR,E-MID - E-MIDER MARKET,IT,ITALY,MILANO,,June 2008,Active
EMID,E-MID,IT,ITALY,MILANO,,May 2010,Active
EMIR,E-MID REPO,IT,ITALY,MILANO,,November 2011,Active
EMTF,EURO MTF,LU,LUXEMBOURG,LUXEMBOURG, ,June 2005,Active
EMTS,EUROMTS,GB,UNITED KINGDOM,LONDON,EMTS,June 2005,Active
ENAX,ATHENS EXCHANGE ALTERNATIVE MARKET,GR,GREECE,ATHENS,ENAX,November 2007,Active
ENXB,NYSE EURONEXT - EASY NEXT,BE,BELGIUM,BRUSSELS,,June 2008,Active
ENXL,NYSE EURONEXT - EASYNEXT LISBON,PT,PORTUGAL,LISBOA, ,August 2007,Active
EOTC,E-OTC,HK,HONG KONG,HONG KONG,,February 2010,Active
EPEX,EPEX SPOT SE,FR,FRANCE,PARIS,,September 2009,Active
EQTA,BOERSE BERLIN EQUIDUCT TRADING - REGULIERTER MARKT,DE,GERMANY,BERLIN,,May 2008,Active
EQTB,BOERSE BERLIN EQUIDUCT TRADING - BERLIN SECOND REGULATED MARKET,DE,GERMANY,BERLIN,,March 2010,Active
EQTC,BOERSE BERLIN EQUIDUCT TRADING - FREIVERKEHR,DE,GERMANY,BERLIN,,August 2010,Active
EQTD,BOERSE BERLIN EQUIDUCT TRADING - OTC,DE,GERMANY,BERLIN,,January 2011,Active
ETFP,ELECTRONIC OPEN-END FUNDS AND ETC MARKET,IT,ITALY,MILANO,ETFplus,September 2007,Active
ETLX,EUROTLX,IT,ITALY,MILANO, ,August 2007,Active
ETSC,ETS EURASIAN TRADING SYSTEM COMMODITY EXCHANGE,KZ,KAZAKHSTAN,ALMATY,,July 2010,Active
EUAX,ATHENS EXCHANGE EUAS MARKET,GR,GREECE,ATHENS,,June 2011,Active
EUWX,EUWAX,DE,GERMANY,STUTTGART,EUWAX,June 2005,Active
EXAA,AUSTRIAN ENERGY EXCHANGE,AT,AUSTRIA,VIENNA,EXAA,May 2007,Active
FAIR,CANTOR SPREADFAIR,GB,UNITED KINGDOM,LONDON, ,September 2007,Active
FCBT,CHICAGO BOARD OF TRADE (FLOOR),US,UNITED STATES OF AMERICA,CHICAGO,CBOT (FLOOR),February 2007,Active
FCME,CHICAGO MERCANTILE EXCHANGE (FLOOR),US,UNITED STATES OF AMERICA,CHICAGO,CME (FLOOR),February 2007,Active
FINN,FINRA/NASDAQ TRF (TRADE REPORTING FACILITY),US,UNITED STATES OF AMERICA,WASHINGTON,,July 2010,Active
FINO,FINRA ORF (TRADE REPORTING FACILITY),US,UNITED STATES OF AMERICA,WASHINGTON,,July 2010,Active
FINR,FINRA ADF (TRADE REPORTING FACILITY),US,UNITED STATES OF AMERICA,WASHINGTON,,July 2010,Active
FINY,FINRA/NYSE TRF (TRADE REPORTING FACILITY),US,UNITED STATES OF AMERICA,WASHINGTON,,July 2010,Active
FISH,FISH POOL ASA,NO,NORWAY,BERGEN, ,June 2007,Active
FMTS,MTS FRANCE SAS,FR,FRANCE,PARIS, ,November 2005,Active
FNEE,FIRST NORTH ESTONIA,EE,ESTONIA,TALLINN, ,November 2009,Active
FNFI,FIRST NORTH FINLAND,FI,FINLAND,HELSINKI,,March 2008,Active
FNLT,FIRST NORTH LITHUANIA,LT,LITHUANIA,VILNIUS,,October 2009,Active
FNLV,FIRST NORTH LATVIA,LV,LATVIA,RIGA,,March 2008,Active
FNSE,FIRST NORTH STOCKHOLM,SE,SWEDEN,STOCKHOLM,,January 2008,Active
FRAA,BOERSE FRANKFURT - REGULIERTER MARKT,DE,GERMANY,FRANKFURT,,March 2008,Active
FRAB,BOERSE FRANKFURT - FREIVERKEHR,DE,GERMANY,FRANKFURT,,March 2008,Active
FRAD,DEUTSCHE BOERSE MID-POINT CROSS,DE,GERMANY,FRANKFURT,DBMID,May 2011,Active
FRRF,FONDS DES RENTES / RENTENFONDS,BE,BELGIUM,BRUSSELS, ,October 2005,Active
FSHX,FISHEX,NO,NORWAY,TROMSO,,September 2007,Active
FXAL,FXALL,US,UNITED STATES OF AMERICA,NEW YORK,,February 2009,Active
FXCM,FXCM,US,UNITED STATES OF AMERICA,NEW YORK, ,August 2011,Active
GBOT,GLOBAL BOARD OF TRADE LTD,MU,MAURITIUS,EBENE, ,October 2010,Active
GEMX,GEMMA (GILT EDGED MARKET MAKERS’ASSOCIATION),GB,UNITED KINGDOM,LONDON,GEMMA,June 2005,Active
GFIA,GFI AUCTIONMATCH,GB,UNITED KINGDOM,LONDON, ,October 2011,Modified
GFIC,GFI CREDITMATCH,GB,UNITED KINGDOM,LONDON, ,August 2007,Active
GFIF,GFI FOREXMATCH,GB,UNITED KINGDOM,LONDON, ,August 2007,Active
GFIM,GFI MARKETMATCH,GB,UNITED KINGDOM,LONDON,,December 2008,Active
GFIN,GFI ENERGYMATCH,GB,UNITED KINGDOM,LONDON, ,April 2009,Active
GFIR,GFI RATESMATCH,GB,UNITED KINGDOM,LONDON, ,September 2010,Active
GLBX,CME GLOBEX,US,UNITED STATES OF AMERICA,CHICAGO,,September 2008,Active
GLLC,GATE US LLC,US,UNITED STATES OF AMERICA,NEW YORK,,July 2010,Active
GMEX,GREENMARKET EXCHANGE,DE,GERMANY,MUENCHEN,,June 2011,Active
GMTF,GALAXY,FR,FRANCE,PARIS,,April 2011,Active
GMTS,MTS GERMANY,GB,UNITED KINGDOM,LONDON, ,February 2011,Active
GREE,THE GREEN EXCHANGE,US,UNITED STATES OF AMERICA,CHICAGO, ,September 2009,Active
GSCI,THE GUYANA ASSOCIATION OF SECURITIES COMPANIES AND INTERMEDIARIES INC.,GY,GUYANA,GEORGETOWN,,December 2010,Active
GTCO,"GETCO EXECUTION SERVICES, LLC",US,UNITED STATES OF AMERICA,NEW YORK,,September 2008,Active
GXGM,GXG MTF,DK,DENMARK,HORSENS,,October 2011,Active
GXMA,GX MARKETCENTER,VU,VANUATU,VILA,,May 2010,Active
HAMA,BOERSE HAMBURG - REGULIERTER MARKT,DE,GERMANY,HAMBURG,,February 2008,Active
HAMB,BOERSE HAMBURG - FREIVERKEHR,DE,GERMANY,HAMBURG,,February 2008,Active
HANA,BOERSE HANNOVER - REGULIERTER MARKT,DE,GERMANY,HANNOVER,,February 2008,Active
HANB,BOERSE HANNOVER - FREIVERKEHR,DE,GERMANY,HANNOVER,,February 2008,Active
HDAT,ELECTRONIC SECONDARY SECURITIES MARKET (HDAT),GR,GREECE,ATHENS,HDAT,June 2005,Active
HEGX,NADEX,US,UNITED STATES OF AMERICA,CHICAGO, ,April 2010,Active
HKME,HONG KONG MERCANTILE EXCHANGE,HK,HONG KONG,HONG KONG,HKMEX,November 2008,Active
HMOD,HI-MTF ORDER DRIVEN,IT,ITALY,MILANO,,July 2008,Active
HMTF,HI-MTF,IT,ITALY,MILANO,,November 2007,Active
HOTC,HELLENIC EXCHANGE OTC MARKET,GR,GREECE,ATHENS,,August 2008,Active
HSFX,HOTSPOT FX,US,UNITED STATES OF AMERICA,JERSEY CITY,,January 2009,Active
HSTC,HANOI STOCK EXCHANGE,VN,VIET NAM,HANOI,HNX,July 2009,Active
HSXA,HSBC-X HONG KONG,HK,HONG KONG,HONG KONG,,October 2010,Active
HUNG,MTS HUNGARY,GB,UNITED KINGDOM,LONDON,,September 2011,Active
HUPX,HUNGARIAN POWER EXCHANGE,HU,HUNGARY,BUDAPEST,HUPX,April 2009,Active
IBLX,INSTINET BLX,US,UNITED STATES OF AMERICA,NEW YORK,,June 2009,Active
ICAH,ICAP SHIPPING TANKER DERIVATIVES LIMITED,GB,UNITED KINGDOM,LONDON, ,October 2008,Active
ICAP,ICAP EUROPE,GB,UNITED KINGDOM,LONDON, ,June 2007,Active
ICAS,ICAP ENERGY AS,NO,NORWAY,BERGEN,,July 2008,Active
ICBX,INSTINET CBX (US),US,UNITED STATES OF AMERICA,NEW YORK,,November 2008,Active
ICDX,INDONESIA COMMODITY AND DERIVATIVES EXCHANGE,ID,INDONESIA,JAKARTA,,February 2010,Active
ICEL,"ISLAND ECN LTD, THE ",US,UNITED STATES OF AMERICA,NEW YORK, ,June 2005,Active
ICEN,ICAP ENERGY,GB,UNITED KINGDOM,LONDON, ,June 2007,Active
ICRO,INSTINET VWAP CROSS,US,UNITED STATES OF AMERICA,NEW YORK,,June 2009,Active
ICSE,ICAP SECURITIES,GB,UNITED KINGDOM,LONDON, ,June 2007,Active
ICTQ,ICAP TRUEQUOTE,GB,UNITED KINGDOM,LONDON, ,March 2010,Active
ICXL,INDIAN COMMODITY EXCHANGE LTD.,IN,INDIA,MUMBAI,,April 2010,Active
IEPA,INTERCONTINENTAL EXCHANGE,US,UNITED STATES OF AMERICA,ATLANTA,ICE,March 2008,Active
IFCA,ICE FUTURES CANADA,CA,CANADA,WINNIPEG,,October 2011,Active
IFEU,INTERCONTINENTAL EXCHANGE - ICE FUTURES LIMITED,GB,UNITED KINGDOM,LONDON,,October 2011,Active
IFUS,ICE FUTURES U.S.,US,UNITED STATES OF AMERICA,NEW YORK,,October 2011,Active
IIDX,INSTINET IDX,US,UNITED STATES OF AMERICA,NEW YORK,,June 2009,Active
IMAG,ICE MARKETS AGRICULTURE,US,UNITED STATES OF AMERICA,ATLANTA,,June 2011,Active
IMBD,ICE MARKETS BONDS,US,UNITED STATES OF AMERICA,ATLANTA,,June 2011,Active
IMCO,ICE MARKETS COMMODITIES,US,UNITED STATES OF AMERICA,ATLANTA,,June 2011,Active
IMCR,ICE MARKETS CREDIT,US,UNITED STATES OF AMERICA,ATLANTA,,June 2011,Active
IMEN,ICE MARKETS ENERGY,US,UNITED STATES OF AMERICA,ATLANTA,,June 2011,Active
IMEQ,ICE MARKETS EQUITY,US,UNITED STATES OF AMERICA,ATLANTA,,June 2011,Active
IMEX,IRAN MERCANTILE EXCHANGE,IR,IRAN,TEHRAN,,August 2011,Active
IMFX,ICE MARKETS FOREIGN EXCHANGE,US,UNITED STATES OF AMERICA,ATLANTA,,May 2011,Active
IMIR,ICE MARKETS RATES,US,UNITED STATES OF AMERICA,ATLANTA,,October 2011,Active
IMTS,MTS IRELAND,GB,UNITED KINGDOM,LONDON, ,November 2005,Active
ISEC,FIRST NORTH ICELAND,IS,ICELAND,REYKJAVIK,,May 2010,Active
ISEX,INTER-CONNECTED STOCK EXCHANGE OF INDIA LTD,IN,INDIA,MUMBAI,ISE,September 2007,Active
ITGI,ITG - POSIT EXCHANGE,US,UNITED STATES OF AMERICA,NEW YORK, ,December 2005,Active
IXSP,INTERNATIONAL STOCK EXCHANGE SAINT-PETERSBOURG,RU,RUSSIA,SAINT-PETERSBURG,IXSP,March 2008,Active
JADX,JOINT ASIAN DERIVATIVES EXCHANGE,SG,SINGAPORE,SINGAPORE, ,May 2007,Active
JASR,JAPANCROSSING,JP,JAPAN,TOKYO, ,September 2007,Active
KABU,KABU.COM PTS,JP,JAPAN,TOKYO,,October 2008,Active
KLEU,KNIGHT LINK EUROPE,GB,UNITED KINGDOM,LONDON,,April 2009,Active
KNCM,KNIGHT CAPITAL MARKETS LLC,US,UNITED STATES OF AMERICA,JERSEY CITY,,May 2010,Active
KNEM,KNIGHT EQUITY MARKETS LP,US,UNITED STATES OF AMERICA,JERSEY CITY,,May 2010,Active
KNLI,KNIGHT LINK,US,UNITED STATES OF AMERICA,JERSEY CITY,,December 2008,Active
KNMX,KNIGHT MATCH ATS,US,UNITED STATES OF AMERICA,JERSEY CITY,,December 2008,Active
LAFD,FLOW DARK,US,UNITED STATES OF AMERICA,NEW YORK,FLOWDARK,May 2011,Active
LAFL,LAVAFLOW ECN,US,UNITED STATES OF AMERICA,NEW YORK,,July 2010,Active
LAFX,LAVAFX,US,UNITED STATES OF AMERICA,NEW YORK,,March 2009,Active
LEVL,LEVEL ATS,US,UNITED STATES OF AMERICA,BOSTON,LEVEL,February 2007,Active
LICA,LIQUIDNET CANADA ATS,CA,CANADA,TORONTO, ,September 2010,Active
LIQH,LIQUIDNET H20,GB,UNITED KINGDOM,LONDON,LQNT H20,May 2011,Active
LIQU,LIQUIDNET SYSTEMS,GB,UNITED KINGDOM,LONDON,  ,September 2007,Active
LMAD,LMAX - DERIVATIVES,GB,UNITED KINGDOM,LONDON, ,August 2011,Active
LMAE,LMAX - EQUITIES,GB,UNITED KINGDOM,LONDON, ,January 2010,Active
LMAF,LMAX - FX,GB,UNITED KINGDOM,LONDON, ,January 2010,Active
LMAO,LMAX - INDICES/RATES/COMMODITIES,GB,UNITED KINGDOM,LONDON, ,January 2010,Active
LMAX,LMAX,GB,UNITED KINGDOM,LONDON, ,December 2010,Active
LMTS,EUROGLOBALMTS,GB,UNITED KINGDOM,LONDON,  ,November 2005,Active
LPPM,LONDON PLATINUM AND PALLADIUM MARKET,GB,UNITED KINGDOM,LONDON,LPPM,April 2007,Active
MABX,MERCADO ALTERNATIVO BURSATIL,ES,SPAIN,MADRID,MAB,July 2007,Active
MACX,MERCATO ALTERNATIVO DEL CAPITALE,IT,ITALY,MILANO,MAC,October 2007,Active
MAEL,MARKETAXESS EUROPE LIMITED,GB,UNITED KINGDOM,LONDON, ,July 2007,Active
MALX,MALDIVES STOCK EXCHANGE,MV,MALDIVES,MALE,,August 2011,Active
MATN,MATCH NOW,CA,CANADA,TORONTO,,January 2008,Active
MCXX,MCX STOCK EXCHANGE LTD,IN,INDIA,MUMBAI,,November 2010,Active
MCZK,MTS CZECH REPUBLIC,GB,UNITED KINGDOM,LONDON, ,May 2011,Active
MDIP,"MEDIP  (MTS PORTUGAL SGMR, SA)",PT,PORTUGAL,LISBOA,MEDIP,June 2007,Active
MEAU,MACQUARIE EXECUTION (AU),AU,AUSTRALIA,SYDNEY,,January 2011,Active
MEHK,MACQUARIE EXECUTION (HK),HK,HONG KONG,HONG KONG,,January 2011,Active
MESQ,ACE MARKET,MY,MALAYSIA,KUALA LUMPUR,,May 2010,Active
MFGL,MF GLOBAL ENERGY MTF,GB,UNITED KINGDOM,LONDON, ,November 2007,Active
MFOX,NYSE EURONEXT - MERCADO DE FUTUROS E OPÇÕES,PT,PORTUGAL,LISBOA, ,November 2007,Active
MISX,MICEX STOCK EXCHANGE,RU,RUSSIA,MOSCOW,MICEX SE,March 2011,Active
MIVX,MARKET FOR INVESTMENT VEHICULES,IT,ITALY,MILANO,MIV,June 2009,Active
MLXB,NYSE EURONEXT - MARCHE LIBRE BRUSSELS,BE,BELGIUM,BRUSSELS, ,August 2007,Active
MOTX,ELECTRONIC BOND MARKET,IT,ITALY,MILANO,MOT,September 2007,Active
MSPL,MS POOL ATS,US,UNITED STATES OF AMERICA,NEW YORK,,March 2010,Active
MSTC,MS TRAJECTORY CROSSING ATS,US,UNITED STATES OF AMERICA,NEW YORK,,August 2010,Active
MTAA,ELECTRONIC SHARE MARKET,IT,ITALY,MILANO,MTA,September 2007,Active
MTCH,NYSE BONDMATCH,FR,FRANCE,PARIS, ,November 2010,Active
MTSA,MTS AUSTRIA,GB,UNITED KINGDOM,LONDON, ,February 2011,Active
MTSC,MTS S.P.A.,IT,ITALY,ROMA,MTS Italy,November 2005,Active
MTSD,MTS DENMARK,BE,BELGIUM,BRUSSELS, ,November 2005,Active
MTSF,MTS FINLAND,BE,BELGIUM,BRUSSELS, ,November 2005,Active
MTSG,MTS GREECE,GB,UNITED KINGDOM,LONDON, ,February 2011,Active
MTSM,MTS CORPORATE MARKET,IT,ITALY,ROMA,MTS Italy,January 2008,Active
MTSP,MTS POLAND,PL,POLAND,WARSZAWA,,July 2011,Active
MTSS,MTS SWAP MARKET,GB,UNITED KINGDOM,LONDON, ,October 2007,Active
MUNA,BOERSE MUENCHEN - REGULIERTER MARKT,DE,GERMANY,MUENCHEN,,February 2008,Active
MUNB,BOERSE MUENCHEN - FREIVERKEHR,DE,GERMANY,MUENCHEN,,February 2008,Active
MVCX,MERCADO DE VALORES DE CORDOBA S.A.,AR,ARGENTINA,CORDOBA, ,January 2011,Active
MYTR,MYTREASURY,GB,UNITED KINGDOM,LONDON,,September 2007,Active
N2EX,N2EX,GB,UNITED KINGDOM,LONDON, ,November 2009,Active
NAMX,NATIONAL MERCANTILE EXCHANGE,RU,RUSSIA,MOSCOW,NAMEX,March 2011,Active
NASB,NASDAQ OMX BALTIC,LT,LITHUANIA,VILNIUS, ,September 2009,Active
NASD,NSDQ DARK,US,UNITED STATES OF AMERICA,NEW YORK,NSDQDARK,May 2011,Active
NBOT,NATIONAL BOARD OF TRADE LIMITED,IN,INDIA,INDORE MADHYA PRADESH,,January 2009,Active
NCEL,NATIONAL COMMODITY EXCHANGE LIMITED,PK,PAKISTAN,KARACHI,NCEL,April 2009,Active
NDEX,EUROPEAN ENERGY DERIVATIVES EXCHANGE N.V.,NL,THE NETHERLANDS,AMSTERDAM,ENDEX,May 2007,Active
NFSC,"NATIONAL FINANCIAL SERVICES, LLC",US,UNITED STATES OF AMERICA,BOSTON,,February 2011,Active
NFSD,FIDELITY DARK,US,UNITED STATES OF AMERICA,BOSTON,,May 2011,Active
NGXC,NATURAL GAS EXCHANGE,CA,CANADA,CALGARY,NGX,May 2010,Active
NILX,NILE STOCK EXCHANGE,EG,EGYPT,CAIRO,,January 2011,Active
NLPX,APX POWER NL,NL,THE NETHERLANDS,AMSTERDAM, ,June 2006,Active
NMCE,NATIONAL MULTI-COMMODITY EXCHANGE OF INDIA,IN,INDIA,AHMEDABAD, ,November 2007,Active
NMTF,NORDIC MTF,SE,SWEDEN,STOCKHOLM,,November 2007,Active
NMTS,NEW EUROMTS,GB,UNITED KINGDOM,LONDON, ,November 2005,Active
NNCS,REGIONAL EXCHANGE CENTRE - MICEX VOLGA REGION,RU,RUSSIA,NIZHNIY NOVGOROD ,NCSE,April 2011,Active
NODX,NODAL EXCHANGE,US,UNITED STATES OF AMERICA,VIENNA,,December 2009,Active
NOPS,NORD POOL SPOT AS,NO,NORWAY,TRONDHEIM,,June 2011,Active
NORX,NASDAQ OMX COMMODITIES,NO,NORWAY,OSLO, ,May 2011,Active
NOTC,NORWEGIAN OVER THE COUNTER MARKET,NO,NORWAY,OSLO,NOTC,June 2005,Active
NPGA,NORD POOL GAS A/S,DK,DENMARK,COPENHAGEN, ,June 2011,Active
NSXB,BENDIGO STOCK EXCHANGE LIMITED,AU,AUSTRALIA,MELBOURNE,BSX,June 2007,Active
NURD,NASDAQ EUROPE (NURO) DARK,GB,UNITED KINGDOM,LONDON,NURODARK,May 2011,Active
NURO,NASDAQ OMX EUROPE,GB,UNITED KINGDOM,LONDON,,September 2008,Active
NXEU,NX,GB,UNITED KINGDOM,LONDON,,June 2009,Active
NXUS,NX ATS - CROSSING PLATFORM,US,UNITED STATES OF AMERICA,NEW YORK,,February 2011,Active
NYFX,MILLENNIUM,US,UNITED STATES OF AMERICA,NEW YORK, ,October 2010,Active
NYSD,NYSE DARK,US,UNITED STATES OF AMERICA,NEW YORK,NYSEDARK,May 2011,Active
NZFX,NEW ZEALAND FUTURES & OPTIONS,NZ,NEW ZEALAND,AUCKLAND,NZFOX,September 2007,Active
OILX,OILX,GB,UNITED KINGDOM,LONDON,,July 2009,Active
OMEL,OPERADOR DE MERCADO IBERICO DE ENERGIA - SPAIN,ES,SPAIN,MADRID,OMEL,May 2007,Active
OMGA,OMEGA ATS,CA,CANADA,TORONTO,,January 2008,Active
OMIP,OPERADOR DE MERCADO IBERICO DE ENERGIA - PORTUGAL,PT,PORTUGAL,LISBOA,OMIP,May 2007,Active
OOTC,OTC BULLETIN BOARD - OTHER OTC,US,UNITED STATES OF AMERICA,WASHINGTON,OTCBB,June 2008,Active
OPEX,PEX-PRIVATE EXCHANGE,PT,PORTUGAL,LISBOA,OPEX,June 2005,Active
OTCB,OTCQB MARKETPLACE,US,UNITED STATES OF AMERICA,NEW YORK,,May 2010,Active
OTCQ,OTCQX,US,UNITED STATES OF AMERICA,NEW YORK,,August 2008,Active
OTCX,OTC EXCHANGE OF INDIA,IN,INDIA,MUMBAI,OTCEI,June 2006,Active
PDEX,PHILIPPINE DEALING AND EXCHANGE CORP,PH,PHILIPPINES,MAKATI CITY,,May 2010,Active
PDQD,PDQ ATS DARK,US,UNITED STATES OF AMERICA,ILLINOIS,,May 2011,Active
PDQX,PDQ ATS,US,UNITED STATES OF AMERICA,ILLINOIS,,May 2011,Active
PFTQ,PFTS QUOTE DRIVEN,UA,UKRAINE,KIEV,,October 2010,Active
PFTS,PFTS STOCK EXCHANGE,UA,UKRAINE,KIEV,PFTS,May 2010,Active
PIEU,PIPELINE - MTF,GB,UNITED KINGDOM,LONDON,,May 2009,Active
PINX,PINK OTC MARKETS INC. (NQB),US,UNITED STATES OF AMERICA,NEW YORK, ,November 2010,Active
PIPE,PIPELINE,US,UNITED STATES OF AMERICA,NEW YORK, ,November 2006,Active
PIRM,PIRUM,GB,UNITED KINGDOM,LONDON,,July 2011,Active
PLDX,PLUS DERIVATIVES EXCHANGE,GB,UNITED KINGDOM,LONDON, ,June 2011,Active
PLPX,TOWAROWA GIELDA ENERGII S.A. (POLISH POWER EXCHANGE),PL,POLAND,WARSZAWA,,July 2007,Active
PLUS,BOERSE MUENCHEN - FREIVERKHER - PLUS - EUROPE,DE,GERMANY,MUENCHEN,,April 2009,Active
POEE,POEE WARSAW STOCK EXCHANGE ENERGY MARKET,PL,POLAND,WARSZAWA, ,June 2011,Active
PRME,MTS PRIME,GB,UNITED KINGDOM,LONDON,,October 2011,Active
PRSE,PRAGMA ATS,US,UNITED STATES OF AMERICA,NEW YORK, ,December 2010,Active
PSGM,PINK SHEETS GREY MARKET,US,UNITED STATES OF AMERICA,NEW YORK,,June 2008,Active
PULX,BLOCKCROSS ATS,US,UNITED STATES OF AMERICA,BOSTON,,November 2010,Active
PURE,PURE TRADING,CA,CANADA,TORONTO, ,December 2006,Active
PXIL,POWER EXCHANGE INDIA LTD.,IN,INDIA,MUMBAI,,July 2009,Active
QMTF,QUOTE MTF,HU,HUNGARY,BUDAPEST,,December 2008,Active
QWIX,Q-WIXX PLATFORM,GB,UNITED KINGDOM,LONDON, ,September 2007,Active
RBSX,RBS CROSS,GB,UNITED KINGDOM,LONDON, ,May 2011,Active
RICD,RIVERCROSS DARK,US,UNITED STATES OF AMERICA,NARBERTH,RIVERX,May 2011,Active
RICX,RIVERCROSS,US,UNITED STATES OF AMERICA,NARBERTH,,May 2011,Active
RMTS,MTS ISRAEL,GB,UNITED KINGDOM,LONDON, ,August 2007,Active
ROCO,GRETAI SECURITIES MARKET,TW,TAIWAN,TAIPEI, ,June 2005,Active
ROFX,ROSARIO FUTURE EXCHANGE,AR,ARGENTINA,ROSARIO,ROFEX,October 2009,Active
ROTC,RWANDA OTC MARKET,RW,RWANDA,KIGALI,,June 2008,Active
RPDX,MOSCOW ENERGY EXCHANGE,RU,RUSSIA,MOSCOW,MEEX,May 2010,Active
RPWC,BONDSPOT REGULATED MARKET,PL,POLAND,WARSZAWA, ,April 2011,Active
RSEX,RWANDA STOCK EXCHANGE,RW,RWANDA,KIGALI,,August 2011,Active
RTSL,REUTERS TRANSACTION SERVICES LIMITED,GB,UNITED KINGDOM,LONDON,RTSL,August 2007,Active
RTSX,RUSSIAN TRADING SYSTEM STOCK EXCHANGE,RU,RUSSIA,MOSCOW,RTS,June 2005,Active
SBIJ,JAPANNEXT PTS,JP,JAPAN,TOKYO,,April 2008,Active
SBMF,SPOT REGULATED MARKET - BMFMS,RO,ROMANIA,SIBIU,,February 2010,Active
SECF,SECFINEX,GB,UNITED KINGDOM,LONDON,,January 2009,Active
SEDX,SECURITISED DERIVATIVES MARKET,IT,ITALY,MILANO,SeDeX,September 2007,Active
SELC,SISTEMA ESPECIAL DE LIQUIDACAO E CUSTODIA DE TITULOS PUBLICOS,BR,BRAZIL,RIO DE JANEIRO,,January 2011,Active
SEND,SEND - SISTEMA ELECTRONICO DE NEGOCIACION DE DEUDA,ES,SPAIN,MADRID, ,June 2010,Active
SEPE,STOCK EXCHANGE PERSPECTIVA,UA,UKRAINE,DNIPROPETROVSK,,May 2010,Active
SGEX,SHANGHAI GOLD EXCHANGE,CN,CHINA,SHANGHAI,SGE,June 2006,Active
SGMA,GOLDMAN SACH MTF,US,UNITED STATES OF AMERICA,NEW YORK,,March 2008,Active
SGMX,SIGMA X MTF,GB,UNITED KINGDOM,LONDON,,February 2010,Active
SHAD,D.E. SHAW DARK,US,UNITED STATES OF AMERICA,NEW YORK,,May 2011,Active
SHAR,SHAREMARK,GB,UNITED KINGDOM,AYLESBURY, ,September 2007,Active
SHAW,D.E. SHAW,US,UNITED STATES OF AMERICA,NEW YORK,,May 2011,Active
SIGX,SIGMA X CANADA,US,UNITED STATES OF AMERICA,BOSTON, ,July 2011,Active
SMEX,SINGAPORE MERCANTILE EXCHANGE PTE LTD,SG,SINGAPORE,SINGAPORE,,December 2009,Active
SMTS,MTS SPAIN,GB,UNITED KINGDOM,LONDON, ,February 2011,Active
SPAD,SPAD TRADING,CZ,CZECH REPUBLIC ,PRAGUE,,May 2010,Active
SPEC,SPECTRONLIVE,GB,UNITED KINGDOM,LONDON,,September 2007,Active
SPIM,ST. PETERSBURG INTERNATIONAL MERCANTILE EXCHANGE,RU,RUSSIA,SAINT-PETERSBURG,SPIMEX,March 2011,Active
SPRZ,SPREADZERO,GB,UNITED KINGDOM,LONDON,,September 2009,Active
SSOB,BOND VISION CORPORATE,IT,ITALY,ROMA, ,May 2010,Active
STUA,BOERSE STUTTGART - REGULIERTER MARKT,DE,GERMANY,STUTTGART,,February 2008,Active
STUB,BOERSE STUTTGART - FREIVERKEHR,DE,GERMANY,STUTTGART,,February 2008,Active
SWAP,SWAPSTREAM,GB,UNITED KINGDOM,LONDON,,September 2007,Active
TBEN,TULLETT PREBON PLC - TULLET PREBON ENERGY,GB,UNITED KINGDOM,LONDON,,September 2007,Active
TBLA,TULLETT PREBON PLC - TP TRADEBLADE,GB,UNITED KINGDOM,LONDON,,June 2008,Active
TBSP,TREASURY BONDSPOT POLAND,PL,POLAND,WARSZAWA,,July 2011,Active
TCDS,TRADITION CDS,GB,UNITED KINGDOM,LONDON, ,August 2007,Active
TFEX,THAILAND FUTURES EXCHANGE,TH,THAILAND,BANGKOK,TFEX,June 2006,Active
TFSG,TFS GREEN SCREEN,GB,UNITED KINGDOM,LONDON, ,August 2007,Active
TFSS,TFS VARIANCE SWAPS SYSTEM,GB,UNITED KINGDOM,LONDON, ,August 2007,Active
TFSV,VOLBROKER,GB,UNITED KINGDOM,LONDON, ,August 2007,Active
THRD,THIRD MARKET CORPORATION,US,UNITED STATES OF AMERICA,CHICAGO,eTHRD,June 2005,Active
TMTS,EUROBENCHMARK TRES. BILLS,GB,UNITED KINGDOM,LONDON, ,November 2005,Active
TMXS,TMX SELECT,CA,CANADA,TORONTO,,December 2010,Active
TNLA,NYSE EURONEXT - TRADED BUT NOT LISTED AMSTERDAM,NL,THE NETHERLANDS,AMSTERDAM, ,August 2007,Active
TNLB,NYSE EURONEXT - TRADING FACILITY BRUSSELS,BE,BELGIUM,BRUSSELS, ,August 2007,Active
TOCP,TORA CROSSPOINT,HK,HONG KONG,HONG KONG,,April 2011,Active
TOMD,TOM MTF DERIVATIVES MARKET,NL,THE NETHERLANDS,AMSTERDAM,,June 2011,Active
TOMX,TOM MTF CASH MARKETS,NL,THE NETHERLANDS,AMSTERDAM,,June 2011,Active
TPCD,TULLETT PREBON PLC - TP CREDITDEAL,GB,UNITED KINGDOM,LONDON,,June 2008,Active
TPIE,THE PROPERTY INVESTMENT EXCHANGE,GB,UNITED KINGDOM,LONDON, ,October 2007,Active
TPIM,THE PROPERTY INVESTMENT MARKET,GB,UNITED KINGDOM,LONDON, ,October 2007,Active
TPRE,TULLETT PREBON PLC - TP REPO,GB,UNITED KINGDOM,LONDON,,June 2008,Active
TPSD,TULLETT PREBON PLC - TP SWAPDEAL,GB,UNITED KINGDOM,LONDON,,April 2011,Active
TRCK,TRACK ECN,US,UNITED STATES OF AMERICA,NEW YORK, ,December 2010,Active
TRDE,TRADITION ELECTRONIC TRADING PLATFORM,GB,UNITED KINGDOM,LONDON, ,October 2010,Active
TREU,TRADEWEB EUROPE LIMITED ,GB,UNITED KINGDOM,LONDON, ,June 2005,Active
TRQD,TURQUOISE DERIVATIVES MARKET,GB,UNITED KINGDOM,LONDON, ,February 2011,Active
TRQM,TURQUOISE DARK,GB,UNITED KINGDOM,LONDON,TQDARK,May 2011,Active
TRQX,TURQUOISE,GB,UNITED KINGDOM,LONDON, ,September 2007,Active
TRWB,TRADEWEB LLC,US,UNITED STATES OF AMERICA,JERSEY CITY, ,June 2005,Active
TSXV,ALPHA ATS - TSX-V,CA,CANADA,TORONTO,,July 2010,Active
UKEX,UKRANIAN EXCHANGE,UA,UKRAINE,KIEV,,April 2010,Active
UKGD,UK GILTS MARKET,GB,UNITED KINGDOM,LONDON,,July 2011,Active
UKPX,APX POWER UK,GB,UNITED KINGDOM,LONDON, ,June 2006,Active
VEGA,VEGA-CHI,GB,UNITED KINGDOM,LONDON,,September 2009,Active
VKAB,KABU.COMPTS-VWAP,JP,JAPAN,TOKYO,,February 2011,Active
VMFX,THE FAROESE SECURITIES MARKET,FO,FAROE ISLANDS,TORSHAVN,,August 2011,Active
VMTS,MTS SLOVENIA,GB,UNITED KINGDOM,LONDON, ,August 2007,Active
VPXB,NYSE EURONEXT - VENTES PUBLIQUES BRUSSELS,BE,BELGIUM,BRUSSELS, ,August 2007,Active
VTEX,VORTEX,US,UNITED STATES OF AMERICA,NEW YORK,,March 2009,Active
WBAH,WIENER BOERSE AG AMTLICHER HANDEL (OFFICIAL MARKET) ,AT,AUSTRIA,VIENNA, ,July 2007,Active
WBDM,WIENER BOERSE AG DRITTER MARKT (THIRD MARKET),AT,AUSTRIA,VIENNA, ,July 2007,Active
WBGF,WIENER BOERSE AG GEREGELTER FREIVERKEHR (SEMI-OFFICIAL MARKET),AT,AUSTRIA,VIENNA, ,July 2007,Active
WCLK,ICAP WCLK,GB,UNITED KINGDOM,LONDON, ,June 2007,Active
WQXL,NYSE EURONEXT - MARKET WITHOUT QUOTATIONS LISBON,PT,PORTUGAL,LISBOA, ,August 2007,Active
XADE,ATHENS EXCHANGE S.A. DERIVATIVES MARKET,GR,GREECE,ATHENS,ATHEXD,November 2007,Active
XADF,FINRA ALTERNATIVE DISPLAY FACILITY,US,UNITED STATES OF AMERICA,WASHINGTON/NEW YORK,,February 2008,Active
XADS,ABU DHABI SECURITIES EXCHANGE,AE,UNITED ARAB EMIRATES ,ABU DHABI,ADSM,June 2011,Active
XAFR,ALTERNATIVA FRANCE,FR,FRANCE,PARIS,,June 2008,Active
XAIM,AIM ITALIA,IT,ITALY,MILANO,,January 2009,Active
XALG,ALGIERS STOCK EXCHANGE,DZ,ALGERIA,ALGIERS,,June 2005,Active
XALT,ALTEX-ATS,GB,UNITED KINGDOM,LONDON, ,June 2007,Active
XAMM,AMMAN STOCK EXCHANGE,JO,JORDAN,AMMAN,ASE,June 2005,Active
XAMS,NYSE EURONEXT - EURONEXT AMSTERDAM,NL,THE NETHERLANDS,AMSTERDAM, ,June 2005,Active
XAPI,REGIONAL EXCHANGE CENTRE - MICEX FAR EAST,RU,RUSSIA,VLADIVOSTOK,MICEX FAR EAST,November 2007,Active
XAQS,AUTOMATED EQUITY FINANCE MARKETS,US,UNITED STATES OF AMERICA,NEW YORK,AQS,October 2008,Active
XARM,NASDAQ OMX ARMENIA,AM,ARMENIA,YEREVAN,ARMEX,February 2011,Active
XASE,NYSE AMEX EQUITIES,US,UNITED STATES OF AMERICA,NEW YORK,AMEX,May 2009,Active
XASX,ASX TRADEMATCH,AU,AUSTRALIA,SYDNEY,ASX,September 2011,Active
XATH,ATHENS EXCHANGE S.A. CASH MARKET,GR,GREECE,ATHENS,ATHEXC,November 2007,Active
XATS,ALPHA ATS,CA,CANADA,TORONTO,,July 2008,Active
XBAA,BAHAMAS INTERNATIONAL SECURITIES EXCHANGE,BS,BAHAMAS,NASAU,BISX,June 2005,Active
XBAB,BARBADOS STOCK EXCHANGE,BB,BARBADOS,BRIDGETOWN,BSE,June 2005,Active
XBAH,BAHRAIN BOURSE,BH,BAHRAIN,MANAMA,BSE,June 2011,Active
XBAN,BANGALORE STOCK EXCHANGE LTD,IN,INDIA,BANGALORE, ,June 2005,Active
XBAR,BOLSA DE BARCELONA,ES,SPAIN,BARCELONA, ,June 2011,Active
XBBJ,JAKARTA FUTURES EXCHANGE (BURSA BERJANGKA JAKARTA),ID,INDONESIA,JAKARTA,BBJ,June 2005,Active
XBBK,PERIMETER FINANCIAL CORP. - BLOCKBOOK ATS,CA,CANADA,TORONTO,,May 2008,Active
XBCC,BOLSA DE COMERCIO DE CORDOBA,AR,ARGENTINA,CORDOBA, ,January 2011,Active
XBCL,LA BOLSA ELECTRONICA DE CHILE,CL,CHILE,SANTIAGO,BOLCHILE,June 2005,Active
XBCM,BOLSA DE COMERCIO DE MENDOZA S.A.,AR,ARGENTINA,MENDOZA, ,January 2011,Active
XBCV,BOLSA CENTROAMERICANA DE VALORES S.A.,HN,HONDURAS,TEGUCIGALPA,BCV,June 2005,Active
XBCX,MERCADO DE VALORES DE MENDOZA S.A.,AR,ARGENTINA,MENDOZA, ,January 2011,Active
XBDA,BERMUDA STOCK EXCHANGE LTD,BM,BERMUDA,HAMILTON,BSX,June 2005,Active
XBEL,BELGRADE STOCK EXCHANGE,RS,SERBIA (REPUBLIC OF),BELGRADE, ,May 2010,Active
XBER,BOERSE BERLIN,DE,GERMANY,BERLIN, ,September 2007,Active
XBES,JSE - FORMER BESA,ZA,SOUTH AFRICA,JOHANNESBURG,BESA,March 2011,Active
XBEY,BOURSE DE BEYROUTH - BEIRUT STOCK EXCHANGE,LB,LEBANON,BEIRUT,BSE,April 2009,Active
XBIL,BOLSA DE VALORES DE BILBAO,ES,SPAIN,BILBAO, ,June 2005,Active
XBKF,STOCK EXCHANGE OF THAILAND - FOREIGN BOARD,TH,THAILAND,BANGKOK,SET,June 2005,Active
XBKK,STOCK EXCHANGE OF THAILAND,TH,THAILAND,BANGKOK,SET,June 2005,Active
XBLB,BANJA LUKA STOCK EXCHANGE,BA,BOSNIA AND HERZEGOVINA,BANJA LUKA, ,October 2005,Active
XBLN,BLUENEXT,FR,FRANCE,PARIS,,April 2011,Active
XBNV,"BOLSA NACIONAL DE VALORES, S.A.",CR,COSTA RICA,SAN JOSE,BNV,June 2005,Active
XBOG,BOLSA DE VALORES DE COLOMBIA,CO,COLOMBIA,BOGOTA,BVC,June 2005,Active
XBOL,BOLSA BOLIVIANA DE VALORES S.A.,BO,BOLIVIA,LA PAZ, ,June 2005,Active
XBOM,BSE LTD.,IN,INDIA,MUMBAI,MSE,September 2011,Active
XBOS,NASDAQ OMX BX,US,UNITED STATES OF AMERICA,BOSTON,BSE,February 2009,Active
XBOT,BOTSWANA STOCK EXCHANGE,BW,BOTSWANA,GABORONE, ,June 2005,Active
XBOX,BOSTON OPTIONS EXCHANGE,US,UNITED STATES OF AMERICA,BOSTON,BOX,June 2005,Active
XBRA,BRATISLAVA STOCK EXCHANGE,SK,SLOVAKIA,BRATISLAVA,BSSE,June 2005,Active
XBRD,NYSE EURONEXT - EURONEXT BRUSSELS - DERIVATIVES,BE,BELGIUM,BRUSSELS, ,November 2007,Active
XBRM,ROMANIAN  COMMODITIES EXCHANGE,RO,ROMANIA,BUCHAREST,BRM,June 2005,Active
XBRN,BERNE STOCK EXCHANGE,CH,SWITZERLAND,BERNE, ,June 2005,Active
XBRT,BRUT ECN,US,UNITED STATES OF AMERICA,NEW YORK,BRUT,June 2005,Active
XBRU,NYSE EURONEXT - EURONEXT BRUSSELS,BE,BELGIUM,BRUSSELS, ,June 2005,Active
XBRV,BOURSE REGIONALE DES VALEURS MOBILIERES,CI,IVORY COAST,ABIDJAN,BRVM,June 2005,Active
XBSD,DERIVATIVES REGULATED MARKET - BVB,RO,ROMANIA,BUCHAREST,REGF,January 2008,Active
XBSE,SPOT REGULATED MARKET - BVB,RO,ROMANIA,BUCHAREST,REGS,January 2008,Active
XBUD,BUDAPEST STOCK EXCHANGE,HU,HUNGARY,BUDAPEST, ,June 2005,Active
XBUE,BOLSA DE COMERCIO DE BUENOS AIRES,AR,ARGENTINA,BUENOS AIRES,BCBA,January 2011,Active
XBUL,BULGARIAN STOCK EXCHANGE,BG,BULGARIA,SOFIA,BSE,June 2005,Active
XBVC,CAPE VERDE STOCK EXCHANGE,CV,CAPE VERDE,PRAIA,BVC,November 2005,Active
XBVR,BOLSA DE VALORES DE LA REPUBLICA DOMINICANA SA.,DO,DOMINICAN REPUBLIC,SANTO DOMINGO,BVRD,June 2005,Active
XCAI,EGYPTIAN EXCHANGE,EG,EGYPT,CAIRO,CASE,August 2008,Active
XCAL,CALCUTTA STOCK EXCHANGE,IN,INDIA,CALCUTTA, ,June 2005,Active
XCAN,CAN-ATS,RO,ROMANIA,BUCHAREST,,October 2010,Active
XCAR,BOLSA DE VALORES DE CARACAS,VE,VENEZUELA,CARACAS, ,June 2005,Active
XCAS,CASABLANCA STOCK EXCHANGE,MA,MOROCCO,CASABLANCA, ,June 2005,Active
XCAY,CAYMAN ISLANDS STOCK EXCHANGE,KY,CAYMAN ISLANDS,GEORGETOWN, ,June 2005,Active
XCBF,CBOE FUTURES EXCHANGE,US,UNITED STATES OF AMERICA,CHICAGO,CFE,July 2008,Active
XCBO,CHICAGO BOARD OPTIONS EXCHANGE,US,UNITED STATES OF AMERICA,CHICAGO,CBOE,July 2008,Active
XCBT,CHICAGO BOARD OF TRADE,US,UNITED STATES OF AMERICA,CHICAGO,CBOT,June 2005,Active
XCCX,"CHICAGO CLIMATE EXCHANGE, INC",US,UNITED STATES OF AMERICA,CHICAGO,CCX,June 2005,Active
XCDE,BAXTER FINANCIAL SERVICES,IE,IRELAND,DUBLIN,,May 2008,Active
XCEC,COMMODITIES EXCHANGE CENTER,US,UNITED STATES OF AMERICA,NEW YORK,COMEX,June 2005,Active
XCEG,"WIENER BOERSE AG, CEGH GAS EXCHANGE",AT,AUSTRIA,VIENNA, ,April 2011,Active
XCET,UZBEK COMMODITY EXCHANGE,UZ,UZBEKISTAN,TASHKENT, ,September 2007,Active
XCFE,CHINA FOREIGN EXCHANGE TRADE SYSTEM ,CN,CHINA,SHANGHAI,CFETS,June 2005,Active
XCFF,CANTOR FINANCIAL FUTURES EXCHANGE,US,UNITED STATES OF AMERICA,NEW YORK,CANTOR,June 2005,Active
XCGS,CHINESE GOLD & SILVER EXCHANGE SOCIETY,HK,HONG KONG,HONG KONG, ,April 2006,Active
XCHG,CHITTAGONG STOCK EXCHANGE LTD.,BD,BANGLADESH ,CHITTAGONG,CSE,June 2005,Active
XCHI,"CHICAGO STOCK EXCHANGE, INC",US,UNITED STATES OF AMERICA,CHICAGO,CHX,June 2005,Active
XCIE,CHANNEL ISLANDS STOCK EXCHANGE,GG,"GUERNSEY, C.I.",ST.  PETER PORT,CISX,June 2005,Active
XCIS,NATIONAL STOCK EXCHANGE,US,UNITED STATES OF AMERICA,CHICAGO, ,June 2005,Active
XCME,CHICAGO MERCANTILE EXCHANGE,US,UNITED STATES OF AMERICA,CHICAGO,CME,June 2005,Active
XCNF,BOLSA DE COMERCIO CONFEDERADA S.A.,AR,ARGENTINA,CORRIENTES,BCC,November 2007,Active
XCNQ,CANADIAN NATIONAL STOCK EXCHANGE,CA,CANADA,TORONTO,CNSX,April 2009,Active
XCOL,COLOMBO STOCK EXCHANGE,LK,SRI LANKA,COLOMBO, ,June 2005,Active
XCOR,ICMA,GB,UNITED KINGDOM,LONDON, ,September 2006,Active
XCSE,OMX NORDIC EXCHANGE COPENHAGEN A/S,DK,DENMARK,COPENHAGEN, ,September 2007,Active
XCUE,UZBEKISTAN REPUBLICAN CURRENCY EXCHANGE,UZ,UZBEKISTAN,TASHKENT, ,June 2005,Active
XCUR,CURRENEX,US,UNITED STATES OF AMERICA,NEW YORK,,February 2009,Active
XCYO,CYPRUS STOCK EXCHANGE - OTC,CY,CYPRUS,NICOSIA (LEFKOSIA),,October 2009,Active
XCYS,CYPRUS STOCK EXCHANGE,CY,CYPRUS,NICOSIA (LEFKOSIA),CSE,June 2005,Active
XDAR,DAR ES  SALAAM STOCK EXCHANGE,TZ,TANZANIA,DAR ES SALAAM, ,June 2005,Active
XDBC,DEUTSCHE BOERSE AG - CUSTOMIZED INDICES,DE,GERMANY,FRANKFURT, ,March 2011,Active
XDBV,DEUTSCHE BOERSE AG - VOLATILITY INDICES,DE,GERMANY,FRANKFURT, ,March 2011,Active
XDBX,DEUTSCHE BOERSE AG - INDICES,DE,GERMANY,FRANKFURT, ,March 2011,Active
XDCE,DALIAN COMMODITY EXCHANGE,CN,CHINA,DALIAN,DCE,June 2005,Active
XDES,DELHI STOCK EXCHANGE,IN,INDIA,DELHI, ,June 2005,Active
XDFB,JOINT-STOCK COMPANY “STOCK EXCHANGE INNEX”,UA,UKRAINE,KIEV,,May 2010,Active
XDFM,DUBAI FINANCIAL MARKET,AE,UNITED ARAB EMIRATES ,DUBAI,DFM,June 2005,Active
XDHA,DHAKA STOCK EXCHANGE LTD,BD,BANGLADESH ,DHAKA,DSE,June 2005,Active
XDMI,ITALIAN DERIVATIVES MARKET,IT,ITALY,MILANO,IDEM,June 2005,Active
XDPA,CADE - MERCADO DE DEUDA PUBLICA ANOTADA,ES,SPAIN,MADRID, ,June 2005,Active
XDRF,AIAF - MERCADO DE RENTA FIJA,ES,SPAIN,MADRID, ,June 2005,Active
XDSE,DAMASCUS SECURITIES EXCHANGE,SY,SYRIAN ARAB REPUBLIC,DAMASCUS,,February 2009,Active
XDSX,DOUALA STOCK EXCHANGE,CM,CAMEROON,DOUALA,,May 2008,Active
XDUB,IRISH STOCK EXCHANGE - ALL MARKET,IE,IRELAND,DUBLIN,ISE,November 2007,Active
XDUS,BOERSE DUESSELDORF,DE,GERMANY,DUESSELDORF, ,September 2007,Active
XECM,MTF - CYPRUS EXCHANGE,CY,CYPRUS,NICOSIA,,May 2009,Active
XECS,EASTERN CARIBBEAN SECURITIES EXCHANGE,KN,SAINT KITTS AND NEVIS,BASSETERRE,ECSE,June 2005,Active
XEEE,EUROPEAN ENERGY EXCHANGE AG,DE,GERMANY,FRANKFURT, ,June 2005,Active
XELX,ELX,US,UNITED STATES OF AMERICA,NEW YORK,,June 2009,Active
XEMD,MERCADO MEXICANO DE DERIVADOS,MX,MEXICO,MEXICO,MEXDER,June 2005,Active
XEQT,BOERSE BERLIN EQUIDUCT TRADING,DE,GERMANY,BERLIN,,May 2008,Active
XETA,XETRA - REGULIERTER MARKT,DE,GERMANY,FRANKFURT,XETRA,March 2008,Active
XETB,XETRA - FREIVERKEHR,DE,GERMANY,FRANKFURT,XETRA,March 2008,Active
XETC,XETRA INTERNATIONAL MARKET - REGULATED MARKET,DE,GERMANY,FRANKFURT,,June 2009,Active
XETD,XETRA INTERNATIONAL MARKET - OPEN MARKET,DE,GERMANY,FRANKFURT,,June 2009,Active
XETI,XETRA INTERNATIONAL MARKET,DE,GERMANY,FRANKFURT,,June 2009,Active
XETR,XETRA,DE,GERMANY,FRANKFURT,XETRA,June 2005,Active
XEUB,EUREX BONDS,DE,GERMANY,FRANKFURT, ,June 2005,Active
XEUC,"EURONEXT COM, COMMODITIES FUTURES AND OPTIONS",NL,THE NETHERLANDS,AMSTERDAM, ,June 2005,Active
XEUE,"EURONEXT EQF, EQUITIES AND INDICES DERIVATIVES",NL,THE NETHERLANDS,AMSTERDAM, ,June 2005,Active
XEUI,"EURONEXT IRF, INTEREST RATE FUTURE AND OPTIONS",NL,THE NETHERLANDS,AMSTERDAM, ,June 2005,Active
XEUM,EUREX REPO SECLEND MARKET,CH,SWITZERLAND,ZURICH, ,November 2011,Active
XEUP,EUREX REPO GMBH,DE,GERMANY,FRANKFURT, ,November 2005,Active
XEUR,EUREX DEUTSCHLAND,DE,GERMANY,FRANKFURT, ,June 2005,Active
XFCI,FINANCIALCONTENT INDEXES,US,UNITED STATES OF AMERICA,FOSTER CITY,,February 2009,Active
XFKA,FUKUOKA STOCK EXCHANGE,JP,JAPAN,FUKUOKA, ,June 2005,Active
XFND,FIRST NORTH DENMARK,DK,DENMARK,COPENHAGEN, ,November 2007,Active
XFRA,DEUTSCHE BOERSE AG,DE,GERMANY,FRANKFURT, ,June 2005,Active
XGAT,TRADEGATE EXCHANGE - FREIVERKEHR,DE,GERMANY,BERLIN, ,May 2010,Active
XGEM,HONG KONG GROWTH ENTERPRISES MARKET,HK,HONG KONG,HONG KONG,HK GEM,June 2005,Active
XGFI,GFI BASISMATCH,GB,UNITED KINGDOM,LONDON,,September 2008,Active
XGHA,GHANA STOCK EXCHANGE,GH,GHANA,ACCRA, ,June 2005,Active
XGME,GESTORE MERCATO ELETTRICO - ITALIAN POWER EXCHANGE,IT,ITALY,ROMA,IPEX/GME,April 2009,Active
XGRM,TRADEGATE EXCHANGE - REGULIERTER MARKT,DE,GERMANY,BERLIN, ,May 2010,Active
XGSE,GEORGIA STOCK EXCHANGE,GE,GEORGIA,TBILISI,GSE,June 2005,Active
XGTG,BOLSA DE VALORES NACIONAL SA,GT,GUATEMALA,GUATEMALA, ,June 2005,Active
XGUA,BOLSA DE VALORES DE GUAYAQUIL,EC,ECUADOR,GUAYAQUIL, ,June 2011,Active
XHAM,HANSEATISCHE WERTPAPIERBOERSE HAMBURG,DE,GERMANY,HAMBURG, ,June 2005,Active
XHAN,NIEDERSAECHSISCHE BOERSE ZU HANNOVER,DE,GERMANY,HANNOVER,,June 2005,Active
XHEL,NASDAQ OMX HELSINKI LTD.,FI,FINLAND,HELSINKI, ,January 2011,Active
XHFT,NYSE ARCA EUROPE,NL,THE NETHERLANDS,AMSTERDAM,NYSE,December 2008,Active
XHKF,HONG KONG FUTURES EXCHANGE LTD.,HK,HONG KONG,HONG KONG,HKFE,June 2005,Active
XHKG,HONG KONG EXCHANGES AND CLEARING LTD,HK,HONG KONG,HONG KONG,HKEX,June 2011,Active
XHNX,HANOI STOCK EXCHANGE (UNLISTED PUBLIC COMPANY TRADING PLATFORM),VN,VIET NAM,HANOI,UPCOM,July 2009,Active
XIAB,ISTANBUL GOLD EXCHANGE,TR,TURKEY,ISTANBUL,IAB,June 2006,Active
XIBE,BAKU INTERBANK CURRENCY EXCHANGE,AZ,AZERBAIJAN ,BAKU, ,June 2005,Active
XICE,NASDAQ OMX ICELAND,IS,ICELAND,REYKJAVIK,ICEX,May 2010,Active
XICX,INSTINET CANADA CROSS,CA,CANADA,TORONTO,,November 2010,Active
XIDX,INDONESIA STOCK EXCHANGE,ID,INDONESIA,JAKARTA,IDX,April 2008,Active
XIHK,INSTINET PACIFIC LTD,HK,HONG KONG,HONG KONG,,February 2009,Active
XIJP,INSTINET JAPAN,JP,JAPAN,TOKYO,,January 2009,Active
XIMA,INTERNATIONAL MARTIME EXCHANGE,NO,NORWAY,OSLO,IMAREX,June 2006,Active
XIMC,MULTI COMMODITY EXCHANGE OF INDIA LTD.,IN,INDIA,MUMBAI,MCX,April 2006,Active
XIMM,INTERNATIONAL MONETARY MARKET,US,UNITED STATES OF AMERICA,CHICAGO, ,June 2005,Active
XINV,INVESTRO,DE,GERMANY,FRANKFURT,,October 2008,Active
XIOM,INDEX AND OPTIONS MARKET,US,UNITED STATES OF AMERICA,CHICAGO,IOM,June 2005,Active
XIQS,IRAQ STOCK EXCHANGE,IQ,IRAQ,BAGHDAD,ISX,October 2011,Modified
XISA,"INTERNATIONAL SECURITIES EXCHANGE, LLC -  ALTERNATIVE MARKETS",US,UNITED STATES OF AMERICA,NEW YORK,ISE,June 2008,Active
XISE,"INTERNATIONAL SECURITIES EXCHANGE, LLC - EQUITIES",US,UNITED STATES OF AMERICA,NEW YORK,ISE,June 2008,Active
XISL,ISLAMABAD STOCK EXCHANGE,PK,PAKISTAN,ISLAMABAD,ISE,June 2005,Active
XIST,ISTANBUL STOCK EXCHANGE,TR,TURKEY,ISTANBUL,ISE,June 2005,Active
XISX,"INTERNATIONAL SECURITIES EXCHANGE, LLC",US,UNITED STATES OF AMERICA,NEW YORK,ISE,June 2005,Active
XJAM,JAMAICA STOCK EXCHANGE,JM,JAMAICA,KINGSTON, ,June 2005,Active
XJAS,OSAKA SECURITIES EXCHANGE JASDAQ,JP,JAPAN,OSAKA,JASDAQ,October 2010,Active
XJNB,JAKARTA NEGOTIATED BOARD,ID,INDONESIA,JAKARTA, ,June 2005,Active
XJSE,JOHANNESBURG STOCK EXCHANGE,ZA,SOUTH AFRICA,JOHANNESBURG,JSE,March 2011,Active
XKAC,KANSAI COMMODITIES EXCHANGE,JP,JAPAN,OSAKA,KANEX,June 2005,Active
XKAR,KARACHI STOCK EXCHANGE (GUARANTEE) LIMITED,PK,PAKISTAN,KARACHI,KSE,June 2005,Active
XKAZ,KAZAKHSTAN STOCK EXCHANGE,KZ,KAZAKHSTAN,ALMA-ATA,KAZE,June 2005,Active
XKBT,KANSAS CITY BOARD OF TRADE,US,UNITED STATES OF AMERICA,KANSAS CITY,KCBT,June 2005,Active
XKCE,KHOREZM INTERREGION COMMODITY EXCHANGE,UZ,UZBEKISTAN,TASHKENT, ,June 2005,Active
XKFB,KOREA FREEBOARD MARKET,KR,"KOREA, REPUBLIC OF",SEOUL,,August 2010,Active
XKFE,KOREA EXCHANGE (FUTURES MARKET),KR,"KOREA, REPUBLIC OF",SEOUL,KRX FM,July 2008,Active
XKHA,KHARTOUM STOCK EXCHANGE,SD,SUDAN,KHARTOUM,KSE,June 2005,Active
XKHR,KHARKOV COMMODITY EXCHANGE,UA,UKRAINE,KHARKOV, ,June 2005,Active
XKIE,KIEV UNIVERSAL EXCHANGE,UA,UKRAINE,KIEV, ,June 2005,Active
XKIS,KIEV INTERNATIONAL STOCK EXCHANGE,UA,UKRAINE,KIEV,KISE,June 2006,Active
XKLS,BURSA MALAYSIA,MY,MALAYSIA,KUALA LUMPUR, ,June 2005,Active
XKOS,KOREA EXCHANGE (KOSDAQ),KR,"KOREA, REPUBLIC OF",SEOUL,KOSDAQ,November 2006,Active
XKRX,KOREA EXCHANGE (STOCK MARKET),KR,"KOREA, REPUBLIC OF",SEOUL,KRX SM,July 2008,Active
XKSE,KYRGYZ STOCK EXCHANGE,KG,KYRGYZSTAN,BISHKEK,KSE,March 5th 2007,Active
XKUW,KUWAIT STOCK EXCHANGE,KW,KUWAIT,KUWAIT, ,March 5th 2007,Active
XLAH,LAHORE STOCK EXCHANGE,PK,PAKISTAN,LAHORE,LSE,June 2005,Active
XLAO,LAO SECURITIES EXCHANGE,LA,LAOS,LAO,LSX,February 2011,Active
XLAT,LATIBEX,ES,SPAIN,MADRID, ,June 2005,Active
XLBM,LONDON BULLION MARKET,GB,UNITED KINGDOM,LONDON, ,June 2005,Active
XLDN,NYSE EURONEXT - EURONEXT LONDON,GB,UNITED KINGDOM,LONDON,,March 2010,Active
XLFX,LABUAN INTERNATIONAL FINANCIAL EXCHANGE,MY,MALAYSIA,LABUAN,LFX,June 2005,Active
XLIF,NYSE EURONEXT LIFFE,GB,UNITED KINGDOM,LONDON, ,June 2005,Active
XLIM,BOLSA DE VALORES DE LIMA,PE,PERU,LIMA,BVL,June 2005,Active
XLIS,NYSE EURONEXT - EURONEXT LISBON,PT,PORTUGAL,LISBOA, ,June 2005,Active
XLIT,NASDAQ OMX VILNIUS,LT,LITHUANIA,VILNIUS, ,October 2009,Active
XLJU,LJUBLJANA STOCK EXCHANGE (OFFICIAL MARKET),SI,SLOVENIA,LJUBLJANA, ,June 2005,Active
XLME,LONDON METAL EXCHANGE,GB,UNITED KINGDOM,LONDON,LME,June 2005,Active
XLON,LONDON STOCK EXCHANGE,GB,UNITED KINGDOM,LONDON,LSE,June 2005,Active
XLSM,LIBYAN STOCK MARKET,LY,LIBYAN ARAB JAMAHIRIYA,TRIPOLI,,May 2009,Active
XLUS,LUSAKA STOCK EXCHANGE,ZM,ZAMBIA,LUSAKA, ,June 2005,Active
XLUX,LUXEMBOURG STOCK EXCHANGE,LU,LUXEMBOURG,LUXEMBOURG, ,June 2005,Active
XMAB,MERCADO ABIERTO ELECTRONICO S.A.,AR,ARGENTINA,BUENOS AIRES,MAE,June 2005,Active
XMAD,BOLSA DE MADRID,ES,SPAIN,MADRID, ,June 2005,Active
XMAE,MACEDONIAN STOCK EXCHANGE,MK,MACEDONIA,SKOPJE, ,June 2005,Active
XMAI,MARKET FOR ALTERNATIVE INVESTMENT,TH,THAILAND,BANGKOK,,April 2011,Active
XMAL,MALTA STOCK EXCHANGE,MT,MALTA,VALLETTA, ,June 2005,Active
XMAN,BOLSA DE VALORES DE NICARAGUA,NI,NICARAGUA,MANAGUA, ,June 2005,Active
XMAP,MAPUTO STOCK  EXCHANGE,MZ,MOZAMBIQUE,MAPUTO, ,June 2005,Active
XMAT,EURONEXT PARIS MATIF,FR,FRANCE,PARIS, ,June 2005,Active
XMAU,STOCK EXCHANGE OF MAURITIUS LTD,MU,MAURITIUS,PORT LOUIS, ,June 2005,Active
XMCE,MERCADO CONTINUO ESPANOL,ES,SPAIN,MADRID,SIBE,November 2007,Active
XMDG,MARCHE INTERBANCAIRE DES DEVISES M.I.D.,MG,MADAGASCAR,ANTANANARIVO, ,June 2005,Active
XMDS,MADRAS STOCK EXCHANGE,IN,INDIA,MADRAS, ,June 2005,Active
XMEF,MEFF RENTA FIJA,ES,SPAIN,BARCELONA,MEFF,June 2005,Active
XMER,MERCHANTS' EXCHANGE,US,UNITED STATES OF AMERICA,CHICAGO,ME,June 2005,Active
XMEV,MERCADO DE VALORES DE BUENOS AIRES S.A.,AR,ARGENTINA,BUENOS AIRES,MERVAL,June 2005,Active
XMEX,BOLSA MEXICANA DE VALORES (MEXICAN STOCK EXCHANGE),MX,MEXICO,MEXICO, ,June 2005,Active
XMGE,MINNEAPOLIS GRAIN EXCHANGE,US,UNITED STATES OF AMERICA,MINNEAPOLIS,MGE,June 2005,Active
XMIC,MOSCOW INTERBANK CURRENCY EXCHANGE,RU,RUSSIA,MOSCOW,MICEX,June 2005,Active
XMIO,MIAMI INTERNATIONAL SECURITIES EXCHANGE - OPTIONS,US,UNITED STATES OF AMERICA,PRINCETON,,November 2011,Active
XMLI,NYSE EURONEXT - MARCHE LIBRE PARIS,FR,FRANCE,PARIS, ,June 2006,Active
XMNT,BOLSA DE VALORES DE MONTEVIDEO,UY,URUGUAY,MONTEVIDEO,BVMT,June 2005,Active
XMNX,MONTENEGRO STOCK EXCHANGE,ME,"MONTENEGRO, REPUBLIC OF",MONTENEGRO, ,December 2006,Active
XMOC,MONTREAL CLIMATE EXCHANGE,CA,CANADA,MONTREAL,,July 2008,Active
XMOD,THE MONTREAL EXCHANGE / BOURSE DE MONTREAL,CA,CANADA,MONTREAL,CDE,June 2005,Active
XMOL,MOLDOVA STOCK EXCHANGE,MD,"MOLDOVA, REPUBLIC OF",CHISINAU, ,June 2005,Active
XMON,EURONEXT PARIS MONEP,FR,FRANCE,PARIS, ,June 2005,Active
XMOS,MOSCOW STOCK EXCHANGE,RU,RUSSIA,MOSCOW,MSE,November 2007,Active
XMOT,EXTRAMOT,IT,ITALY,MILANO,,July 2009,Active
XMRV,MEFF RENTA VARIABLE,ES,SPAIN,BARCELONA,MEFF,June 2005,Active
XMSW,MALAWI STOCK EXCHANGE,MW,MALAWI,BLANTYRE, ,June 2005,Active
XMTB,MERCADO A TERMINO DE BUENOS AIRES S.A.,AR,ARGENTINA,BUENOS AIRES,MATBA,June 2005,Active
XMUN,BOERSE MUENCHEN,DE,GERMANY,MUENCHEN, ,September 2007,Active
XMUS,MUSCAT SECURITIES MARKET,OM,OMAN,MUSCAT,MSM,June 2005,Active
XMVL,MERCADO DE VALORES DEL LITORAL S.A.,AR,ARGENTINA,SANTA FE,,January 2011,Active
XNAF,SISTEMA ESPANOL DE NEGOCIACION DE ACTIVOS FINANCIEROS,ES,SPAIN,MADRID,SENAF,June 2007,Active
XNAI,NAIROBI STOCK EXCHANGE,KE,KENYA,NAIROBI, ,June 2005,Active
XNAM,NAMIBIAN STOCK EXCHANGE,NA,NAMIBIA,WINDHOEK, ,June 2005,Active
XNAS,NASDAQ,US,UNITED STATES OF AMERICA,NEW YORK,NASDAQ,June 2005,Active
XNCD,NATIONAL COMMODITY & DERIVATIVES EXCHANGE LTD,IN,INDIA,MUMBAI,NCDEX,April 2006,Active
XNCM,NASDAQ CAPITAL MARKET,US,UNITED STATES OF AMERICA,NEW YORK,,February 2008,Active
XNCO,NEW CONNECT,PL,POLAND,WARSZAWA,,January 2008,Active
XNDQ,NASDAQ OPTIONS MARKET,US,UNITED STATES OF AMERICA,NEW YORK, ,May 2007,Active
XNDX,NORDIC DERIVATIVES EXCHANGE,SE,SWEDEN,STOCKHOLM,NDX,March 2008,Active
XNEC,NATIONAL STOCK EXCHANGE OF AUSTRALIA LIMITED,AU,AUSTRALIA,NEWCASTLE,NSXA,June 2007,Active
XNEP,NEPAL STOCK EXCHANGE,NP,NEPAL,KATHMANDU, ,June 2005,Active
XNEW,NEWEX,DE,GERMANY,FRANKFURT,NEWEX,September 2006,Active
XNGM,NORDIC GROWTH MARKET,SE,SWEDEN,STOCKHOLM,NGM,June 2005,Active
XNGO,NAGOYA STOCK EXCHANGE,JP,JAPAN,NAGOYA,NSE,June 2005,Active
XNGS,NASDAQ/NGS (GLOBAL SELECT MARKET),US,UNITED STATES OF AMERICA,NEW YORK,NGS,July 2006,Active
XNIM,NASDAQ INTERMARKET,US,UNITED STATES OF AMERICA,NEW YORK,,February 2008,Active
XNKS,CENTRAL JAPAN COMMODITIES EXCHANGE,JP,JAPAN,NAGOYA,C-COM,June 2005,Active
XNLI,NYSE LIFFE,US,UNITED STATES OF AMERICA,NEW YORK,,September 2008,Active
XNMR,NORDIC MTF REPORTING,SE,SWEDEN,STOCKHOLM,,April 2008,Active
XNMS,NASDAQ/NMS (GLOBAL MARKET),US,UNITED STATES OF AMERICA,NEW YORK, ,June 2005,Active
XNSA,NIGERIAN STOCK EXCHANGE,NG,NIGERIA,LAGOS, ,June 2005,Active
XNSE,NATIONAL STOCK EXCHANGE OF INDIA,IN,INDIA,MUMBAI,NSE,June 2005,Active
XNYE,NEW YORK MERCANTILE EXCHANGE - OTC MARKETS,US,UNITED STATES OF AMERICA,NEW YORK,NYMEX ECM,May 2008,Active
XNYL,NEW YORK MERCANTILE EXCHANGE - ENERGY MARKETS,US,UNITED STATES OF AMERICA,NEW YORK,NYMEX MTF LIMITED,May 2008,Active
XNYM,NEW YORK MERCANTILE EXCHANGE,US,UNITED STATES OF AMERICA,NEW YORK,NYMEX,June 2005,Active
XNYS,"NEW YORK STOCK EXCHANGE, INC.",US,UNITED STATES OF AMERICA,NEW YORK,NYSE,Before June 2005,Active
XNZE,NEW ZEALAND EXCHANGE LTD,NZ,NEW ZEALAND,WELLINGTON,NZX,June 2005,Active
XOAM,OSLO BORS ALTERNATIVE BOND MARKET,NO,NORWAY,OSLO,ABM,November 2007,Active
XOAS,OSLO AXESS,NO,NORWAY,OSLO, ,February 2007,Active
XOCH,"ONECHICAGO, LLC",US,UNITED STATES OF AMERICA,CHICAGO, ,June 2005,Active
XODE,ODESSA COMMODITY EXCHANGE,UA,UKRAINE,ODESSA, ,June 2005,Active
XOPV,OMX OTC PUBLICATION VENUE,SE,SWEDEN,STOCKHOLM, ,November 2007,Active
XOSE,OSAKA SECURITIES EXCHANGE,JP,JAPAN,OSAKA,OSE,June 2005,Active
XOSJ,OSAKA SECURITIES EXCHANGE J-NET,JP,JAPAN,OSAKA,J-NET,January 2006,Active
XOSL,OSLO BORS ASA,NO,NORWAY,OSLO, ,June 2005,Active
XOTC,OTC BULLETIN BOARD,US,UNITED STATES OF AMERICA,WASHINGTON,OTCBB,June 2005,Active
XPAE,PALESTINE EXCHANGE,PS,"PALESTINIAN TERRITORY, OCCUPIED",NABLUS,PEX,June 2011,Active
XPAR,NYSE EURONEXT - EURONEXT PARIS,FR,FRANCE,PARIS, ,June 2005,Active
XPBT,NASDAQ OMX FUTURES EXCHANGE,US,UNITED STATES OF AMERICA,PHILADELPHIA,NFX,March 2009,Active
XPET,SAINT PETERSBURG EXCHANGE,RU,RUSSIA,SAINT-PETERSBURG,SPEX,May 2010,Active
XPHL,NASDAQ OMX PHLX,US,UNITED STATES OF AMERICA,PHILADELPHIA,PHLX,February 2009,Active
XPHO,PHILADELPHIA OPTIONS EXCHANGE,US,UNITED STATES OF AMERICA,PHILADELPHIA, ,June 2005,Active
XPHS,"PHILIPPINE STOCK EXCHANGE, INC.",PH,PHILIPPINES,PASIG CITY,PSE,June 2005,Active
XPIC,SAINT-PETERSBURG CURRENCY EXCHANGE,RU,RUSSIA,SAINT-PETERSBURG,SPCEX,June 2005,Active
XPIN,UBS ATS,US,UNITED STATES OF AMERICA,STAMFORD,,November 2010,Active
XPLU,PLUS MARKETS,GB,UNITED KINGDOM,LONDON,,March 2006,Active
XPOM,PORT MORESBY STOCK EXCHANGE,PG,PAPUA NEW GUINEA,PORT MORESBY, ,June 2005,Active
XPOR,PORTAL,US,UNITED STATES OF AMERICA,WASHINGTON, ,October 2007,Active
XPOS,POSIT,IE,IRELAND,DUBLIN,POSIT,July 2007,Active
XPOW,POWERNEXT,FR,FRANCE,PARIS, ,June 2005,Active
XPRA,PRAGUE STOCK EXCHANGE,CZ,CZECH REPUBLIC ,PRAGUE,PSE,May 2010,Active
XPRI,PRIDNEPROVSK COMMODITY EXCHANGE,UA,UKRAINE,DNIPROPETROVSK, ,May 2010,Active
XPST,POSIT - ASIA PACIFIC,HK,HONG KONG,HONG KONG, ,March 2011,Active
XPTY,"BOLSA DE VALORES DE PANAMA, S.A.",PA,PANAMA,PANAMA,BVP,June 2005,Active
XPXE,POWER EXCHANGE CENTRAL EUROPE,CZ,CZECH REPUBLIC,PRAGUE,PXE,May 2010,Active
XQMH,SCOACH SWITZERLAND,CH,SWITZERLAND,ZURICH, ,October 2007,Active
XQUI,BOLSA DE VALORES DE QUITO,EC,ECUADOR,QUITO, ,June 2011,Active
XRAS,RASDAQ,RO,ROMANIA,BUCHAREST,RASDAQ,June 2005,Active
XRBM,RINGGIT BOND MARKET,MY,MALAYSIA,KUALA LUMPUR,RBM,May 2010,Active
XRIS,NASDAQ OMX RIGA,LV,LATVIA,RIGA, ,October 2009,Active
XRMO,RM-SYSTEM CZECH STOCK EXCHANGE (MTF),CZ,CZECH REPUBLIC ,PRAGUE,RMS CZ,May 2010,Active
XRMZ,RM-SYSTEM CZECH STOCK EXCHANGE,CZ,CZECH REPUBLIC ,PRAGUE,RMS CZ,May 2010,Active
XROS,BOLSA DE COMERCIO ROSARIO,AR,ARGENTINA,ROSARIO,BCR,June 2005,Active
XROX,MERCADO DE VALORES DE ROSARIO S.A.,AR,ARGENTINA,ROSARIO,MERVAROS,January 2011,Active
XRPM,ROMANIAN POWER MARKET,RO,ROMANIA,BUCHAREST,,April 2009,Active
XRUS,INTERNET DIRECT-ACCESS EXCHANGE,RU,RUSSIA,MOSCOW,INDX,September 2007,Active
XSAF,SOUTH AFRICAN FUTURES EXCHANGE,ZA,SOUTH AFRICA,JOHANNESBURG,SAFEX,June 2005,Active
XSAM,SAMARA CURRENCY INTERBANK EXCHANGE,RU,RUSSIA,SAMARA,SCIEX,June 2005,Active
XSAP,SAPPORO SECURITIES EXCHANGE,JP,JAPAN,SAPPORO, ,June 2005,Active
XSAT,AKTIETORGET,SE,SWEDEN,STOCKHOLM, ,June 2007,Active
XSAU,SAUDI STOCK EXCHANGE,SA,SAUDI ARABIA,RIYADH, ,June 2005,Active
XSC1,SCOACH EUROPA INTERNATIONAL MARKET 1,DE,GERMANY,FRANKFURT, ,May 2010,Active
XSC2,SCOACH EUROPA INTERNATIONAL MARKET 2,DE,GERMANY,FRANKFURT, ,May 2010,Active
XSC3,SCOACH EUROPA INTERNATIONAL MARKET 3,DE,GERMANY,FRANKFURT, ,May 2010,Active
XSCA,SINGAPORE CATALIST MARKET,SG,SINGAPORE,SINGAPORE,,September 2008,Active
XSCE,SINGAPORE COMMODITY EXCHANGE,SG,SINGAPORE,SINGAPORE,SICOM,June 2005,Active
XSCL,SINGAPORE CENTRAL LIMIT ORDER BOOK INTERNATIONAL,SG,SINGAPORE,SINGAPORE,,September 2008,Active
XSCU,STOXX LIMITED - CUSTOMIZED INDICES,CH,SWITZERLAND,ZURICH,,March 2011,Active
XSES,SINGAPORE EXCHANGE,SG,SINGAPORE,SINGAPORE,SGX,June 2005,Active
XSFA,SOUTH AFRICAN FUTURES EXCHANGE - AGRICULTURAL MARKET DIVISION,ZA,SOUTH AFRICA,JOHANNESBURG,SAFEX,June 2005,Active
XSFE,ASX 24,AU,AUSTRALIA,SYDNEY,SFE,September 2010,Active
XSGE,SHANGHAI FUTURES EXCHANGE,CN,CHINA,SHANGHAI,SHFE,June 2005,Active
XSGO,SANTIAGO STOCK EXCHANGE,CL,CHILE,SANTIAGO, ,June 2005,Active
XSHE,SHENZHEN STOCK EXCHANGE,CN,CHINA,SHENZHEN, ,June 2005,Active
XSHG,SHANGHAI STOCK EXCHANGE,CN,CHINA,SHANGHAI, ,June 2005,Active
XSIB,SIBERIAN EXCHANGE,RU,RUSSIA,NOVOSIBIRSK,SIMEX,May 2010,Active
XSIM,SINGAPORE EXCHANGE DERIVATIVES CLEARING LIMITED,SG,SINGAPORE,SINGAPORE,SGX-DT,June 2005,Active
XSMP,SMARTPOOL,GB,UNITED KINGDOM,LONDON,,September 2008,Active
XSOP,BSP REGIONAL ENERGY EXCHANGE - SOUTH POOL,SI,SLOVENIA,LJUBLJANA,,April 2009,Active
XSPS,SOUTH PACIFIC STOCK EXCHANGE,FJ,FIJI,SUVA,SPSE,June 2005,Active
XSRM,"MERCADO DE FUTUROS DE ACEITE DE OLIVA, S.A.",ES,SPAIN,JAEN,MFAO,June 2005,Active
XSSE,SARAJEVO STOCK EXCHANGE,BA,BOSNIA AND HERZEGOVINA,SARAJEVO,SASE,June 2007,Active
XSTC,HOCHIMINH STOCK EXCHANGE,VN,VIET NAM,HO CHI MINH CITY, HOSE,December 2009,Active
XSTE,REPUBLICAN STOCK EXCHANGE,UZ,UZBEKISTAN,TASHKENT,UZSE,September 2007,Active
XSTO,NASDAQ OMX NORDIC,SE,SWEDEN,STOCKHOLM,,July 2010,Active
XSTU,BOERSE STUTTGART,DE,GERMANY,STUTTGART, ,September 2007,Active
XSTV,STOXX LIMITED - VOLATILITY INDICES,CH,SWITZERLAND,ZURICH,,March 2011,Active
XSTX,STOXX LIMITED - INDICES,CH,SWITZERLAND,ZURICH,,March 2011,Active
XSVA,EL SALVADOR STOCK EXCHANGE,SV,EL SALVADOR,EL SALVADOR, ,June 2005,Active
XSWA,SWAZILAND STOCK EXCHANGE,SZ,SWAZILAND,MBABANE,SSX,June 2005,Active
XSWB,SWX SWISS BLOCK,GB,UNITED KINGDOM,LONDON,,September 2008,Active
XSWX,SWISS EXCHANGE,CH,SWITZERLAND,ZURICH,SWX,June 2005,Active
XTAE,TEL AVIV STOCK EXCHANGE,IL,ISRAEL,TEL AVIV,TASE,June 2005,Active
XTAF,TAIWAN FUTURES EXCHANGE,TW,TAIWAN,TAIPEI,TAIFEX,June 2005,Active
XTAI,TAIWAN STOCK EXCHANGE,TW,TAIWAN,TAIPEI,TWSE,June 2005,Active
XTAL,NASDAQ OMX TALLINN,EE,ESTONIA,TALLINN, ,December 2009,Active
XTAM,TOKYO AIM,JP,JAPAN,TOKYO,,March 2009,Active
XTEH,TEHRAN STOCK EXCHANGE,IR,IRAN,TEHRAN,TSE,November 2007,Active
XTFF,TOKYO FINANCIAL  EXCHANGE,JP,JAPAN,TOKYO,TFX,September 2007,Active
XTIR,TIRANA STOCK EXCHANGE,AL,ALBANIA,TIRANA,,June 2005,Active
XTK1,TOKYO STOCK EXCHANGE - TOSTNET-1,JP,JAPAN,TOKYO, ,January 2006,Active
XTK2,TOKYO STOCK EXCHANGE - TOSTNET-2,JP,JAPAN,TOKYO, ,January 2006,Active
XTK3,TOKYO STOCK EXCHANGE - TOSTNET-3,JP,JAPAN,TOKYO, ,July 2011,Active
XTKO,TOKYO GRAIN EXCHANGE,JP,JAPAN,TOKYO,TGE,May 2010,Active
XTKS,TOKYO STOCK EXCHANGE,JP,JAPAN,TOKYO,TSE,June 2005,Active
XTKT,TOKYO COMMODITY EXCHANGE,JP,JAPAN,TOKYO,TOCOM,May 2010,Active
XTNX,TSX VENTURE EXCHANGE - NEX,CA,CANADA,VANCOUVER,NEX,June 2005,Active
XTPE,TULLETT PREBON ENERGYTRADE,GB,UNITED KINGDOM,LONDON,,April 2009,Active
XTRN,TRINIDAD AND TOBAGO STOCK EXCHANGE,TT,TRINIDAD AND TOBAGO,PORT OF SPAIN,TTSE,June 2005,Active
XTRZ,ZAGREB MONEY AND SHORT TERM SECURITIES MARKET INC,HR,CROATIA,ZAGREB, ,April 2007,Active
XTSE,TORONTO STOCK EXCHANGE,CA,CANADA,TORONTO,TSX,June 2005,Active
XTSX,TSX VENTURE EXCHANGE,CA,CANADA,TORONTO,TSX-V,June 2005,Active
XTUC,NUEVA BOLSA DE COMERCIO DE TUCUMAN S.A.,AR,ARGENTINA,TUCUMAN,NBCT,November 2007,Active
XTUN,BOURSE DE TUNIS,TN,TUNISIA,TUNIS,BVMT,September 2007,Active
XTUR,TURKISH DERIVATIVES EXCHANGE,TR,TURKEY,IZMIR,TURKDEX,November 2006,Active
XUAX,UKRAINIAN STOCK EXCHANGE,UA,UKRAINE,KIEV,UKRSE,February 2006,Active
XUBS,UBS MTF,GB,UNITED KINGDOM,LONDON, ,July 2010,Active
XUGA,UGANDA SECURITIES EXCHANGE,UG,UGANDA,KAMPALA,USE,June 2005,Active
XUKR,UKRAINIAN UNIVERSAL COMMODITY EXCHANGE,UA,UKRAINE,KIEV, ,June 2005,Active
XULA,MONGOLIAN STOCK EXCHANGE,MN,MONGOLIA,ULAAN BAATAR, ,June 2005,Active
XUNI,UNIVERSAL BROKER'S EXCHANGE 'TASHKENT',UZ,UZBEKISTAN,TASHKENT, ,June 2005,Active
XUSE,UNITED STOCK EXCHANGE,IN,INDIA,MUMBAI,,October 2010,Active
XVAL,BOLSA DE VALENCIA,ES,SPAIN,VALENCIA, ,June 2005,Active
XVES,VESTIMA+,LU,LUXEMBOURG,LUXEMBOURG, ,June 2005,Active
XVIE,"WIENER BOERSE AG, WERTPAPIERBOERSE (SECURITIES EXCHANGE)",AT,AUSTRIA,VIENNA, ,April 2011,Active
XVPA,BOLSA DE VALORES Y PRODUCTOS DE ASUNCION SA,PY,PARAGUAY,ASUNCION,BVPASA,June 2005,Active
XVTX,SIX SWISS EXCHANGE AG,CH,SWITZERLAND,ZURICH,,March 2010,Active
XWAR,WARSAW STOCK EXCHANGE,PL,POLAND,WARSZAWA,WSE,June 2005,Active
XWBO,WIENER BOERSE AG,AT,AUSTRIA,VIENNA,,November 2008,Active
XWEE,WEEDEN ATS,US,UNITED STATES OF AMERICA,GREENWICH,,April 2009,Active
XXSC,FRANKFURT CEF SC,DE,GERMANY,FRANKFURT, ,October 2011,Active
XXXX,"NO MARKET (EG, UNLISTED)",,ZZ, ,,October 2005,Active
XYIE,YIELDBROKER PTY LTD,AU,AUSTRALIA,SYDNEY, ,June 2005,Active
XZAG,ZAGREB STOCK EXCHANGE,HR,CROATIA,ZAGREB, ,June 2005,Active
XZAM,THE ZAGREB STOCK EXCHANGE MTF,HR,CROATIA,ZAGREB, ,September 2009,Active
XZCE,ZHENGZHOU COMMODITY EXCHANGE,CN,CHINA,ZHENGZHOU,ZCE,June 2005,Active
XZIM,ZIMBABWE STOCK EXCHANGE,ZW,ZIMBABWE,HARARE, ,June 2005,Active
YLDX,JSE YIELD-X,ZA,SOUTH AFRICA,JOHANNESBURG, ,June 2005,Active
ZKBX,ZURCHER KANTONALBANK SECURITIES EXCHANGE,CH,SWITZERLAND,ZURICH, ,June 2011,Active
ZOBX,ZOBEX,DE,GERMANY,BERLIN,ZOBEX,June 2005,Active
